CVEGEO,CLAVE_WRB,GRUPO1,GRUPO2,GRUPO3,CLASE_TEXT,FRUDICA
01001,H2O,PH,NA,NO,2,NO
01002,H2O,NA,NA,NO,2,NO
01003,H2O,PH,LP,NO,2,NO
01004,H2O,NA,NA,NA,2,NO
01005,H2O,PH,NA,NO,2,NO
01006,H2O,NA,NA,NO,2,NO
01007,LPmo+LPeuli/2,LP,NA,NO,2,NO
01008,H2O,LP,LP,NO,2,NO
01009,ZU,DU,NA,NO,2,NO
01010,H2O,NA,NA,NA,2,NO
01011,ZU,NA,NA,NA,2,NO
02001,ZU,LP,LP,NO,1,R
02002,ZU,RG,RG,NO,1,NO
02003,ZU,LP,LP,NO,1,R
02004,ZU,LP,LP,NO,2,R
02005,ZU,LP,LP,NO,2,R
02006,LPskli+LPeusk/1R,LP,RG,NO,1,R
02007,LPskli+RGsklep/1R,LP,RG,NO,1,R
03001,SCglso/1,LP,NO,NO,1,NO
03002,RGadlep/1R,RG,NO,NO,1,NO
03003,LPeuli+RGeulep/1,RG,RG,NO,1,R
03008,ZU,RG,RG,NO,1,NO
03009,VRsklep+LPvrsk+LPskli/3R,LP,LP,NO,1,R
04001,ARcaso/1,LP,LV,NO,2,NO
04002,LPhurz+LPhuli/2,LP,LP,NO,3,NO
04003,H2O,NA,NA,NO,1,NO
04004,LPhurz+LPhuli/2,LP,LP,NO,3,NO
04005,NTromo+LVcr/3,LP,LP,NO,3,NO
04006,ZU,LP,LP,NO,3,NO
04007,H2O,NA,NA,NA,NA,NA
04008,LPhurz+LPhuli/2,LP,LP,NO,3,NO
04009,ZU,VR,LP,PH,3,NO
04010,LPhurz+LPhuli/3,LP,LP,NO,3,NO
04011,H2O,NA,NA,NA,3,NO
04012,LPhurz+LPhuli/2,LP,LP,NO,3,NO
04013,LVcr+NTeu/3,LP,LP,NO,3,NO
05001,CLskptp/2r,CL,NO,NO,2,NO
05002,CLlep+LPcali/2,LP,LP,NO,2,NO
05003,ZU,CL,CL,NO,2,NO
05004,LPcarz+PHhulen+LPhurz/2R,LP,LP,NO,2,NO
05005,CLskptp/2r,LP,NO,NO,2,r
05006,CLptp/2R,CL,NO,NO,2,R
05007,LPgpmo+LPrz/2,CL,LP,NO,2,NO
05008,CLskptp/2r,CL,NO,NO,2,r
05009,LPgpmo+LPrz/2,LP,LP,NO,2,NO
05010,CLvr/3,CL,NO,NO,2,NO
05011,H2O,LP,NO,NO,2,NO
05012,H2O,CL,NO,NO,2,NO
05013,H2O,CL,CL,NO,1,NO
05014,H2O,CL,CL,NO,2,NO
05015,H2O,CL,NO,NO,2,NO
05016,LPhurz+LPcali/2R,LP,LP,NO,2,R
05017,ZU,RG,RG,NO,2,NO
05018,CLptp/2R,CL,NO,NO,2,R
05019,CLlvcch+CLlvvr/2,CL,CL,NO,2,NO
05020,PHvrpcn+VRmscc/3r,LP,LP,NO,2,NO
05021,LPhurz/2r,LP,NO,NO,2,r
05022,ZU,CL,CL,NO,2,NO
05023,LPcali+RGca/2,CL,CL,NO,2,NO
05024,H2O,CL,NO,NO,2,NO
05025,H2O,CL,NA,NO,2,NA
05026,H2O,CL,NO,NO,2,NO
05027,H2O,LP,NO,NO,2,NO
05028,VRcalen/3r,CL,NO,NO,2,NO
05029,PHcapcp+CLptp/2R,CL,NO,NO,2,R
05030,PHcapcp+CLptp/2R,LP,NO,NO,2,R
05031,LPcali+LPhurz/2,CL,NO,NO,2,NO
05032,CLhuptp+LPskrz/3r,CL,NO,NO,2,r
05033,LPgpmo+LPrz/2,CL,LP,NO,2,NO
05034,LPcali+RGca/2,CL,CL,NO,2,NO
05035,RGcalep+LPcali/2,LP,RG,NO,2,NO
05036,CLptp/2r,CL,RG,NO,2,NO
05037,H2O,CL,CL,NO,2,r
05038,CLha+CMskca/3r,CL,CL,NO,2,r
06001,CMeu/2,PH,PH,NO,2,NO
06002,H2O,PH,LP,NO,2,NO
06003,LPeuli+RGeu/1,RG,RG,NO,1,NO
06004,LPeuli+LPrz/2,LP,LP,NO,2,NO
06005,ZU,NA,NA,NO,NA,NO
06006,FLca/1,PH,LP,NO,3,NO
06007,H2O,RG,NA,NO,1,NO
06008,CMsklen+RGsklen/2,CM,RG,NO,2,NO
06009,H2O,LP,PH,NO,2,NO
06010,ZU,LP,LP,NO,2,NO
07001,ZU,LP,CM,NO,2,NO
07002,FLeu/1,FL,NO,NO,2,NO
07003,H2O,SC,NA,NO,2,NO
07004,LPcali+LPrz/2,LV,LV,NO,2,NO
07005,LPhuli+LVhulep/3,LV,AC,NO,2,NO
07006,AChu+LPdyli/3,AC,PH,NO,2,NO
07007,LPrz+LVha+ALhulep/2,AL,RG,NO,2,NO
07008,ACpl+ACha+RGdy/3,AC,RG,NO,2,NO
07009,H2O,RG,CM,NO,2,NO
07010,RGeulep+PHlep+LPeuli/2,RG,PH,LP,2,NO
07011,PHha+LPeuli/2r,LV,LV,NO,2,NO
07012,LPcali+LPrz/3,LP,LP,NO,3,NO
07013,LVcr+PHhu/2,LP,PH,NO,2,NO
07014,PHlen+LPrz/2,PH,LP,NO,2,NO
07015,PE,LV,AN,NO,2,NO
07016,H2O,NA,NA,NA,NA,NA
07017,LPeuli+RGeu+PHha/2,LP,RG,NO,2,NO
07018,PHlen+LPcali/2,PH,PH,NO,2,NO
07019,VRmzpe/3,LP,LP,NO,2,NO
07020,ZU,LP,RG,NO,2,NO
07021,LVcr+ACcrhu+LPhurz/3,LV,AC,NO,2,NO
07022,LVlep+PLcrhu+LPrz/3,LV,LP,LP,2,NO
07023,LPrz+LVcrlep/2,LV,LV,NO,2,NO
07024,LVcr+LPrz+ALhu/2R,LV,LP,LP,2,R
07025,LVvrlen+LVcrlep/3,LV,AC,NO,3,NO
07026,PHha+LVcr/2,LV,LP,NO,2,NO
07027,FLeu/1,LP,LP,NO,2,NO
07028,FLeu/1,LP,NO,NO,2,NO
07029,RGcalep+LPcali+PHha/2,RG,LP,PH,2,NO
07030,ACha+LVcrdy/3,LP,RG,NO,2,NO
07031,H2O,PH,LV,NO,2,NO
07032,FLeu/2,CM,CM,NO,2,NO
07033,AChuvi/1,LV,AC,NO,3,NO
07034,ZU,LP,PH,NO,2,NO
07035,ZU,NA,NA,NO,2,NO
07036,ANhu+AChu+CMdy/2,AC,AN,CM,2,NO
07037,ZU,AC,CM,NO,2,NO
07038,LVcr+ALhu+RGca/2,LV,LV,LP,2,NO
07039,LVdylen+ACcrhu/3,LV,LV,NO,2,NO
07040,H2O,GL,SC,NO,2,NO
07041,ZU,PH,LV,NO,2,NO
07042,LVcran+ACcrhu+LPhu/3,LV,AC,NO,3,NO
07043,LVcrlen+ACcrhu/3,LV,AC,NO,3,NO
07044,RGeu+PLeu/1,RG,LP,NO,2,NO
07045,LVcran+ACcrhu+LPhu/3,LV,AC,LP,3,NO
07046,ZU,LP,RG,NO,3,NO
07047,PLhum+LVha+LPrz/3,LV,PH,NO,2,NO
07048,LVhu+GLhu/3,LV,GL,NO,3,NO
07049,PHha+LVcr/2,PH,LV,NO,2,NO
07050,H2O,NA,NA,NA,1,NO
07051,H2O,RG,CM,NO,2,NO
07052,H2O,LV,LV,NO,3,NO
07053,PE,RG,CM,NO,2,NO
07054,ZU,NA,NA,NO,2,NO
07055,PE,NA,NA,NO,NA,NO
07056,LPrz+LVcrlep/2,LV,LV,NO,2,NO
07057,PE,RG,CM,NO,2,NO
07058,LVha+RGeu/2,LV,RG,NO,2,NO
07059,H2O,LV,LV,NO,3,NO
07060,LVcr+ACcrhu+LPhurz/3,LV,AC,LP,3,NO
07061,LPcali/2,LP,LP,NO,3,NO
07062,LVcrlen+ACcrhu/3,LV,AC,NO,3,NO
07063,LPcali/2,LP,LP,NO,2,NO
07064,LPrz+LPcali+PHca/2,LP,LP,LP,2,NO
07065,H2O,LV,LV,NO,3,NO
07066,LVlep+PLcrhu+LPrz/3,LV,LV,NO,2,NO
07067,LPrz+PHlen/2,LP,PH,NO,2,NO
07068,LVhu+GLhu/3,LV,AC,NO,3,NO
07069,H2O,NA,RG,NO,2,NO
07070,AChulep+ANdy+RGdylep/2,AC,AN,NO,2,NO
07071,GLsohi+SChuso/2,CM,SC,NO,2,NO
07072,LVhulen+PHlen/2,LV,PH,NO,2,NO
07073,LVlen+PHlen/2,LV,PH,NO,2,NO
07074,H2O,NA,NA,NA,NA,NA
07075,VRmzpe+LPrz/3,LP,LP,NO,2,NO
07076,LVdylen+ACcrhu/3,LV,AC,NO,2,NO
07077,LVcr+GLhu/2,LV,LP,NO,2,NO
07078,LVcr+ALhu+RGca/2,AL,LV,NO,2,NO
07079,LPcali/2,LP,LP,NO,2,NO
07080,LVdy+LVcrdy+LPdyli/3,LV,LV,CM,2,NO
07081,PLhum+LVha+LPrz/3,LV,LV,NO,2,NO
07082,PHlvlen+LVhulen/2,LV,LV,NO,2,NO
07083,LPrz+LPcali/2,LP,LP,NO,2,NO
07084,LVcrlen+ACcrhu/3,LV,AC,NO,3,NO
07085,LPeuli+RGeu/2,LP,LP,NO,2,NO
07086,LPcali+LPrz+LVcr/3,LP,LP,NO,3,NO
07087,ZU,NA,NA,NO,NA,NO
07088,LVcrlen+ACcrhu+LVcrhu/3,LV,AC,NO,3,NO
07089,ZU,NA,NA,NO,2,NO
07090,PHlen+LVcrlen+LPrz/3,PH,LV,NO,2,NO
07091,LVcrlen+ACcrhu/3,LV,PH,NO,3,NO
07092,LVcr/2,LV,AC,NO,3,NO
07093,LPrz+LVcrlep/2,LV,LV,LP,2,NO
07094,ALhu+LVcr+LPcali/3,AL,RG,NO,2,NO
07096,LVcr+ACcrhu+LPrz/2,LV,AC,NO,2,NO
07097,H2O,RG,RG,NO,2,NO
07098,FLeu/1,FL,NO,NO,2,NO
07099,H2O,NA,NA,NO,2,NO
07100,LVcr+ACcrhu+LPrz/2,LV,LP,NO,2,NO
07101,LPrz+PHha+LPcali/2,LP,PH,LP,3,NO
07102,ZU,NA,NA,NO,NA,NA
07103,AChulep+AClep/3,AC,AC,NO,2,NO
07104,LPcali+LPrz/2,LP,NO,NO,2,NO
07105,PE,AN,UM,AC,2,NO
07106,PHha+RGeu/2R,LP,RG,NO,2,NO
07107,LVcr+CMcr+PHha/3,RG,CM,NO,2,NO
07108,ZU,LV,RG,NO,3,NO
07109,PHhu+LVhulep/2,PH,LV,NO,2,NO
07110,RGeu+ALhu/2,LP,RG,NO,2,NO
07111,ALhu+RGeu/2,LV,RG,NO,2,NO
07112,LPmo+LPeuli+LVcrlep/2,LV,LV,LV,2,NO
07113,PHha+LVcr/2,PH,LP,NO,2,NO
07114,VRpegln+GLdyhu+LVdypf/3,VR,VR,LV,2,NO
07115,H2O,LP,LV,CM,3,NO
07116,H2O,LV,VR,NO,2,NO
07117,FLeu+PHha/1,CM,CM,NO,2,NO
07118,PLhum+LVha+LPrz/3,PL,LV,NO,3,NO
07119,PHlep+LPli/2,PH,LV,NO,2,NO
07120,AChulep+ANdy+RGdylep/2,LP,CM,RG,2,NO
07121,LVcrlen+PHlen/2,LV,PH,NO,3,NO
07122,LPrz+PHha+LPcali/2,LP,LP,NO,2,NO
07123,FLeu/1,LP,LP,NO,2,NO
07124,LVcr/2,LV,AC,NO,2,NO
07125,AChulep+ANdy+RGdylep/2,LP,AN,AC,2,NO
08001,LPcali+LPskca/2R,CL,RG,NO,2,R
08002,LPcali+RGcalep/2R,CL,CL,NO,2,r
08003,H2O,CL,CL,NO,2,R
08004,CLskptn+CLsowye/2r,CL,CL,NO,2,r
08005,LPeusk+RGsklep/2R,CL,RG,NO,2,R
08006,ZU,PH,CM,NO,2,R
08007,H2O,LP,LP,NO,2,R
08008,LPskli+LVsklep/2R,LP,LV,NO,2,R
08009,LVabgln+FLskpst/2r,LV,LP,NO,2,R
08010,RGskpca+CMskpca/2R,LP,RG,NO,2,R
08011,H2O,CL,CL,NO,2,NO
08012,PHlvlep+DUptp/2R,LP,LP,NO,2,R
08013,LPeuli+PHlep+LPmo/2,PH,PH,LP,2,NO
08014,PHcapcp+CLptp/2r,LP,LP,NO,2,R
08015,LPcali+LPskrz/2R,CL,LP,NO,2,R
08016,H2O,CL,CL,NO,2,NO
08017,H2O,LP,LP,NO,2,R
08018,H2O,PH,LP,NO,2,R
08019,H2O,LP,RG,NO,2,R
08020,LPskli+LPskrz/2R,LP,LP,NO,2,R
08021,ZU,CL,CL,NO,2,r
08022,LPeusk+LPskli/2R,LP,LP,NO,2,R
08023,LPli+PHlep/2R,LP,RG,NO,2,R
08024,LPmosk+PHsklep/1R,LP,PH,NO,2,R
08025,ZU,PH,LP,NO,2,R
08026,LPmosk+PHsklep/1R,LP,PH,NO,2,R
08027,LVhulen+RGsklep/2R,LV,LP,NO,2,R
08028,LPcali+LPskca/2R,CL,LP,NO,2,r
08029,LVhuu/2,LP,RG,NO,2,R
08030,PHsklep+CMsklep/2R,PH,CM,NO,2,R
08031,H2O,LP,RG,NO,2,R
08032,LPeusk+LPskli/2R,CL,CL,NO,2,R
08033,LPhurz+KSlvcc/2R,LP,LP,NO,2,R
08034,H2O,LP,LP,NO,2,R
08035,LPskli+LPeusk+RGsklep/1R,LP,LP,NO,2,NO
08036,H2O,CL,CL,NO,2,NO
08037,ZU,LP,RG,NO,1,NO
08038,LPmosk+LPskli/2R,CL,LP,NO,2,r
08039,H2O,CL,CL,NO,2,NO
08040,ZU,PH,LP,NO,2,R
08041,RGdylen+LPdysk/2R,RG,LP,NO,2,R
08042,LPeuli+LPeu/2,CL,LP,NO,2,NO
08043,DUcrptp+RGeusk/1r,PH,RG,NO,2,r
08044,PHsklen+LPmosk/2R,PH,PH,NO,2,R
08045,CHccsoh+CLlvsoh/2,CH,CL,NO,2,r
08046,RGsklep+LPmosk/2R,LP,LP,NO,2,R
08047,PHsklep+RGeulep/2R,PH,LP,NO,2,R
08048,ZU,PH,PH,NO,2,R
08049,PHlvlep+DUptp/2R,LP,LP,NO,2,R
08050,LPli+LPmo/2R,LP,RG,NO,2,R
08051,PHsklep+RGeulep/2R,RG,LP,NO,2,R
08052,LPcali+LPskrz/2R,RG,LP,NO,2,R
08053,PE,CL,NA,NO,2,R
08054,LPeusk+LPskli/2R,LP,LP,NO,2,R
08055,LPmosk+LPskli/2R,LP,LP,NO,2,r
08056,LPhurz+KSlvcc/2R,LP,PH,NO,2,R
08057,LPeusk+LPskli/2R,LP,LP,NO,2,R
08058,H2O,CL,CL,NO,2,R
08059,PHsklv+PHlvlep/2R,PH,PH,NO,2,R
08060,PHsklep+KScrsk/2R,PH,NO,NO,2,R
08061,LPmosk/2R,LP,PH,NO,2,R
08062,H2O,CL,CL,NO,2,NO
08063,PHsklep+RGeulep/2R,PH,LP,NO,2,R
08064,CLskptn+CHlvcc/2r,PH,LP,NO,2,R
08065,PHsklep+CMsklep/2R,RG,LP,NO,2,R
08066,CMeulep+RGeulep+LPskli/2R,PH,LP,LP,2,R
08067,LPmosk/2R,CL,CL,NO,2,R
09002,ZU,NA,NA,NA,NA,NA
09003,ZU,NA,NA,NA,NA,NA
09004,ZU,NA,NA,NA,2,NO
09005,ZU,NA,NA,NA,2,NO
09006,ZU,NA,NA,NA,NA,NA
09007,ZU,NA,PH,NO,2,NO
09008,ZU,AN,NA,NO,2,NO
09009,ZU,PH,LP,NO,2,NO
09010,PHlv+PHha+ANmo/2,PH,PH,AN,2,NO
09011,ZU,NA,NA,NO,2,NO
09012,LPdyli+ANum/2,AN,AN,NO,2,NO
09013,ZU,NA,NA,NO,2,NO
09014,ZU,NA,NA,NA,NA,NA
09015,ZU,NA,NA,NA,NA,NA
09016,ZU,NA,NA,NA,NA,NA
09017,ZU,NA,NA,NA,NA,NA
10001,LPmosk+LPskli/2R,LP,PH,NO,2,R
10002,LVhuu/2,LV,LP,NO,2,NO
10003,CMsklep+PHsklep/2R,LP,LP,NO,2,R
10004,PHcapcp/2R,PH,NO,NO,2,R
10005,H2O,LP,LP,NO,2,NO
10006,PHcapcp/2R,CL,NO,NO,2,R
10007,ZU,NA,NA,NO,2,NO
10008,ZU,PH,NO,NO,2,R
10009,PHlvpdp+LVskhu/2r,LP,LP,NO,2,R
10010,LPcarz+PHcapcp/2R,LP,LP,NO,2,R
10011,KSsowcc+LPskrz/2R,LP,LP,NO,2,R
10012,ZU,RG,LP,NO,2,NO
10013,RGcalep+LPcask/2R,CL,CL,NO,2,NO
10014,CMdylep+RGdylep/2,LP,RG,NO,2,NO
10015,RGcalep+LPcask/2R,LP,LP,NO,2,R
10016,ZU,LP,LP,NO,2,NO
10017,PHsklen+LPskli/2R,PH,PH,NO,2,R
10018,PHskca+CHlvcc/2r,PH,LP,NO,2,R
10019,CMhulep+RGdylep/2R,LP,LP,NO,2,R
10020,ZU,LP,LV,NO,2,R
10021,PHcapcp/2R,PH,LP,NO,2,R
10022,ZU,LP,LP,NO,2,NO
10023,LPeuli+RGeulep/2,LP,RG,NO,2,NO
10024,CHccpcn+LPskrz/2r,LP,LP,NO,2,R
10025,PHsklen+LPmosk/2R,PH,LP,NO,2,R
10026,LPeusk+LPskli/2R,LP,LP,NO,2,R
10027,CLptp/2r,CL,NO,NO,2,R
10028,LPskrz+PHhupcp/2R,PH,LP,NO,2,R
10029,LPmosk+PHcalep/2R,LP,LP,NO,2,R
10030,LPskrz+CLskptp/2r,LP,CL,NO,2,r
10031,PHcapcp/2R,PH,NO,NO,2,R
10032,CHccpdn+PHskca/2R,PH,PH,NO,2,R
10033,H2O,LP,LP,NO,2,NO
10034,CMsklen+PHsklen/2R,LV,LV,NO,2,R
10035,LVhuu/2,LV,LP,NO,2,R
10036,RGca+CLye/2R,RG,CL,NO,2,NO
10037,RGeuskp+LPeusk+LPskli/2,LV,LP,NO,2,R
10038,ZU,KS,LP,NO,2,NO
10039,ZU,LV,PH,NO,2,R
11001,H2O,VR,NA,NO,3,R
11002,H2O,PH,NA,NO,2,R
11003,H2O,PH,PH,NO,2,R
11004,H2O,NA,NA,NA,NA,NA
11005,VRpelen/3R,VR,NO,NO,3,R
11006,LPhuli+LPhurz/2,LV,LP,NO,2,NO
11007,ZU,VR,NA,NO,3,R
11008,H2O,NA,NA,NA,3,R
11009,PHvrlep+PHlvlep+VRsklep/3R,VR,PH,NO,3,R
11010,H2O,PH,NA,NO,2,R
11011,ZU,VR,NO,NO,3,R
11012,H2O,VR,PH,NO,3,R
11013,H2O,PH,PH,NO,3,R
11014,H2O,PH,NA,NO,2,NO
11015,H2O,NA,NA,NA,2,R
11016,ZU,VR,NA,NO,3,R
11017,ZU,VR,NA,NO,3,R
11018,ZU,VR,VR,NO,3,R
11019,H2O,NA,NA,NA,NA,NA
11020,H2O,NA,NA,NA,NA,NA
11021,VRpelen/3R,VR,PH,NO,3,R
11022,H2O,NA,NA,NA,NA,NA
11023,H2O,NA,NA,NA,NA,NA
11024,ZU,VR,NO,NO,3,NO
11025,H2O,NA,NA,NO,NA,NO
11026,H2O,VR,PH,NO,3,R
11027,VRpelen/3R,VR,NO,NO,3,R
11028,ZU,NA,NA,NA,3,R
11029,H2O,PH,NA,NO,2,R
11030,H2O,NA,NA,NA,NA,NA
11031,H2O,VR,NA,NO,3,R
11032,H2O,NA,PH,NO,2,R
11033,H2O,PH,NA,NO,2,R
11034,LPskli+LPmosk+PHsklep/2R,PH,LP,NO,2,R
11035,H2O,VR,NO,NO,3,R
11036,VRpelen/3R,VR,NO,NO,3,R
11037,H2O,VR,PH,NO,3,NO
11038,H2O,VR,PH,NO,2,NO
11039,ZU,VR,NA,NO,3,R
11040,LVctlen/3R,PH,LP,NO,1,R
11041,VRpelen/3R,VR,NO,NO,3,R
11042,ZU,VR,NO,NO,3,R
11043,H2O,PH,LP,NO,2,R
11044,ZU,NA,NA,NA,NA,NA
11045,H2O,LP,LP,NO,2,NO
11046,H2O,VR,NA,NO,3,R
12001,ZU,NA,NA,NO,2,NO
12002,LVcrlen+LVlen/2,LV,RG,NO,2,NO
12003,ZU,RG,LP,NO,2,NO
12004,LPeuli+RGeulep/2,LP,RG,NO,2,NO
12005,LPeuli+LPhurz/3,LP,LP,NO,2,NO
12006,H2O,RG,LP,NO,2,NO
12007,RGeu+LPeuli/2,RG,LP,NO,2,NO
12008,LPcali+LPrz/2,LP,LP,NO,2,NO
12009,LPeuli+RGeulep/2,LP,RG,NO,2,NO
12010,RGeulep+LPeuli+CMcrlep/2,RG,RG,NO,2,NO
12011,H2O,CM,NA,NO,2,NO
12012,LPeuli+RGeulep/2,RG,RG,NO,2,NO
12013,GLmo+FLeu/2,NA,NA,NO,2,NO
12014,H2O,NA,NA,NO,NA,NO
12015,LPcali+LPhurz/2,PH,LP,NO,2,NO
12016,LPeuli+RGeu/2,RG,RG,NO,2,NO
12017,LPeuli+LPrz/2,LP,LP,NO,2,NO
12018,H2O,RG,PH,NO,1,NO
12019,LPcali+LPrz/2,LP,LP,NO,2,NO
12020,LPeuli+PHlep/2,LP,PH,NO,2,NO
12021,H2O,PH,RG,NO,2,NO
12022,FLeu+FLca/1R,RG,RG,NO,2,NO
12023,GLmo+FLeu/2,GL,NA,NO,2,NO
12024,RGeulep+LPeuli/2R,LP,LP,NO,2,NO
12025,H2O,RG,NA,NO,2,NO
12026,LPcali/2,LP,LP,NO,2,NO
12027,RGeulep+LPeuli/2,RG,LP,NO,2,NO
12028,LPcali+LPrz/2,VR,LP,NO,2,NO
12029,PHha+FLeu/2R,PH,FL,NO,2,NO
12030,H2O,PH,NO,NO,2,NO
12031,LPeu+LPeuhu+LPeuli/2,RG,LP,NO,2,NO
12032,FLeu+FLca/1R,RG,LP,NO,2,NO
12033,ZU,LP,LP,NO,2,NO
12034,ZU,LP,LP,NO,2,NO
12035,ZU,LP,LP,NO,2,NO
12036,H2O,NA,NA,NO,2,NO
12037,PHcale+LPeuli/2,LP,LP,NO,2,NO
12038,H2O,LP,RG,NO,2,NO
12039,FLeu/1R,RG,NO,NO,2,NO
12040,LPrz+LPcali/2,LP,LP,NO,2,NO
12041,LPeuli+RGeulep/2,RG,RG,NO,2,NO
12042,VRpelep/3,RG,NO,NO,2,NO
12043,FLeu/1R,LP,RG,NO,2,NO
12044,RGeulep+LPeuli/2,RG,PH,NO,2,NO
12045,LPeuli+RGeulep+CMeulep/2,LP,RG,NO,2,NO
12046,GLmo+FLeu/2,GL,FL,NO,2,NO
12047,LPeuli+RGeu/2,CM,LP,NO,2,NO
12048,H2O,RG,PH,NO,2,NO
12049,VRpele/3,VR,PH,NO,3,NO
12050,FLeu+FLca/1R,FL,FL,NO,2,R
12051,LVcr/2R,RG,LP,NO,2,NO
12052,PHha+FLeu/2,RG,NO,NO,2,NO
12053,ZU,PH,NO,NO,2,NO
12054,FLeu+FLca/1R,RG,LP,NO,2,NO
12055,PHle+PHca/2,LP,LP,NO,2,NO
12056,LVcrdy+CMcrdy/2,RG,CM,NO,2,NO
12057,H2O,RG,NA,NO,2,NO
12058,LPrz+LPcali/2,LP,LP,NO,2,NO
12059,LPeuli+RGca/2,LP,LP,NO,2,NO
12060,LPcali+LPhurz/2,CM,CM,NO,2,NO
12061,VReupe/3,LV,NO,NO,2,NO
12062,ZU,RG,CM,NO,2,NO
12063,RGeu+LVcr/1,RG,LP,NO,2,NO
12064,LPeuli+RGeu/2,RG,LP,NO,2,NO
12065,LPeuli+PHlep+RGeulep/2,LP,PH,RG,2,NO
12066,LPeuli+PHlep/2,LP,RG,NO,2,NO
12067,FLeu+FLca/1R,RG,PH,NO,2,NO
12068,H2O,RG,RG,NO,2,NO
12069,LPeuli+RGeulep/2,LP,RG,NO,2,NO
12070,LPrz+LPcali+VRcalep/3,LP,LP,NO,3,NO
12071,ZU,RG,CM,NO,2,NO
12072,RGeu+CMeu+CMcr/2,RG,CM,NO,2,NO
12073,FLeu+FLca/1R,RG,RG,NO,2,NO
12074,LPrz/2,LP,NO,NO,2,NO
12075,LPrz+LPcali/2,LP,NO,NO,2,NO
12076,FLeu+PHha/1R,RG,LP,NO,2,NO
12077,RGeulep+LPeuli/2,GL,GL,NO,2,NO
12078,FLeu/1R,LP,RG,NO,2,NO
12079,CMlen+LVcrhu+PHha/2,CM,LP,CM,2,NO
12080,GLmo+FLeu/2,GL,FL,NO,2,NO
12081,RGdylep+LPdyli/1,RG,LP,NO,2,NO
12082,RGeulep/2,RG,NO,NO,2,NO
12083,RGdyh+LPdy/2,RG,LV,NO,2,NO
12084,RGdylep/1,RG,LP,NO,2,NO
12085,GLmo+PHha/2,RG,NA,NO,1,NO
13001,H2O,PH,PH,NO,3,NO
13002,ZU,NA,NA,NO,NA,NO
13003,ZU,PH,LP,NO,2,NO
13004,LVdy+AChuu/3,LV,AC,NO,2,NO
13005,ZU,PH,LP,NO,2,NO
13006,H2O,PH,NA,NO,3,NO
13007,PHlep+LPeuli/2,PH,LP,NO,2,NO
13008,PHlep+LPeuli/2,PH,LP,NO,2,NO
13009,PHpdp/2,PH,NO,NO,2,NO
13010,ZU,PH,LP,NO,2,NO
13011,PHcahu+FLcahu/2R,PH,PH,NO,3,NO
13012,H2O,LP,LP,NO,2,NO
13013,VRpemz/3,PH,PH,NO,2,NO
13014,PHcahu+FLcahu/2R,RG,RG,NO,2,NO
13015,CMeuvr+LPrz/3R,LP,LP,NO,2,NO
13016,H2O,PH,PH,NO,2,NO
13017,H2O,PH,NA,NO,2,NO
13018,LPrz+LPeuli+PHha/2,LP,LP,NO,2,NO
13019,VRpelep+LPeuli/3,PH,LP,NO,2,NO
13020,LPcali+LPrz+RGca/3,LP,LP,NO,3,NO
13021,PHpdp+DUeu/2,PH,DU,NO,2,NO
13022,PHlep+ANlep+LPdyli/2,PH,LP,NO,2,NO
13023,ZU,VR,LP,NO,3,NO
13024,H2O,NA,NA,NO,3,NO
13025,VRmzpe+PHcahu/3,VR,PH,NO,3,NO
13026,PHcahu+FLcahu/2R,PH,CM,NO,2,NO
13027,LVhu+CMhu+LPdyli/3,LV,RG,NO,3,NO
13028,PHcalep+VRpehu/3,LP,PH,NO,3,NO
13029,H2O,NA,NA,NA,NA,NO
13030,LPrz+LPeuli/2,LP,LP,NO,2,NO
13031,LPhuli+LPcarz+LVcrhu/2,PH,LP,NO,2,NO
13032,PHcalep+VRpehu/3,LP,PH,NO,3,NO
13033,LPhuli+LPhurz+LVcr/2,LP,LP,LP,2,NO
13034,LPhurz+LPdyli+RGdylep/2,LP,LP,LV,2,NO
13035,H2O,PH,NA,NO,3,NO
13036,H2O,RG,RG,LP,2,NO
13037,LPcarz+LPcali/3,LP,LP,NO,3,NO
13038,PHlep+RGeulep+LPli/2,PH,RG,NO,2,NO
13039,LVsknhu+ANdylep+LPdyli/2,RG,AN,LP,2,NO
13040,LPrz+LPeuli+PHha/2,LP,LP,NO,2,NO
13041,ZU,NA,LP,NO,2,NO
13042,LPhuli+PHcrhu+LVcrhu/2,LP,LP,LV,2,NO
13043,LPhurz+LPdyli/2,LP,LP,NO,2,NO
13044,H2O,NA,NA,NA,2,NO
13045,LVsknhu+ANdylep+LPdyli/2,PH,AN,LP,2,NO
13046,LPhum+RGcalep+PHca/3,LP,PH,NO,3,NO
13047,LPcali+LPcarz/2,LP,LP,NO,2,NO
13048,PHpdp/2,PH,LP,NO,2,NO
13049,LPdyrz+LPdyli+RGdylep/2,LP,LP,NO,3,NO
13050,ZU,PH,LP,NO,2,NO
13051,PHpdp/2,PH,LP,NO,2,NO
13052,ZU,PH,LP,NO,2,NO
13053,LVdy+AChuu/3,LV,RG,NO,3,NO
13054,ZU,PH,LP,NO,2,NO
13055,ZU,PH,LP,NO,2,NO
13056,LVcrlen+PHlen+LPli/3,LV,PH,NO,3,NO
13057,UMhulep+RGdy+LPdyli/2,PH,LP,NO,2,NO
13058,LPcali+RGca/2,PH,RG,NO,2,NO
13059,ZU,PH,LP,NO,2,NO
13060,LVdy+AChuu/3,LV,CM,NO,3,NO
13061,PHlep+LPeuli/2,PH,LP,NO,2,NO
13062,LPhurz+LPdyli+RGdylep/2,LP,LP,RG,2,NO
13063,PHha+VRpemz/2,PH,PH,NO,2,NO
13064,PHlep+VRpelep/2,PH,PH,NO,2,NO
13065,PHlep+LPli/2,LP,LP,NO,2,NO
13066,CMeu+PHha/2,PH,PH,NO,2,NO
13067,ZU,PH,PH,NO,2,NO
13068,LVhustn+RGsknhu+LPeuhu/3,LV,CM,LP,2,NO
13069,PHpdn+DUeu/2,PH,NO,NO,2,NO
13070,ZU,NA,NA,NA,NA,NO
13071,LPcarz+LPcali/3,LP,LP,NO,2,NO
13072,LPeuli+PHha/2,LP,PH,NO,2,NO
13073,LPdyli+LPhurz+LVcr/2,LP,LP,NO,2,NO
13074,ZU,LP,VR,NO,3,NO
13075,PHlep+LPeuli/2,PH,PH,NO,2,NO
13076,H2O,PH,PH,NO,2,NO
13077,H2O,PH,NA,NO,3,NO
13078,LVhustn+RGsknhu+LPeuhu/3,LV,RG,LP,3,NO
13079,CMcrlen+RGdylen/2,LV,CM,NO,2,NO
13080,PHcahu+FLcahu/2R,PH,FL,NO,2,NO
13081,LPdyli+RGdylep/2,RG,CM,NO,2,NO
13082,PHpdp/2,PH,LP,NO,2,NO
13083,LPeuli+PHha/2,PH,LP,NO,2,NO
13084,PHcalep+LPli+LPrz/2,LP,LP,NO,2,NO
14001,H2O,NA,NA,NO,2,NO
14002,H2O,PH,NA,NA,3,NO
14003,PHlvpdp+PLvrpdp/2,PH,PH,NO,2,NO
14004,ZU,PH,NA,NO,2,NO
14005,LVcrlep+PHlep/2,PH,PH,NO,2,NO
14006,H2O,PH,PH,NO,2,NO
14007,H2O,PH,NA,NO,2,NO
14008,H2O,NA,NA,NA,NA,NO
14009,ZU,PH,LP,NO,2,r
14010,PHlen+VReulen+LPhum/3r,PH,VR,LP,3,r
14011,CMeulep+PHlep+LPeu/2,CM,LP,NO,2,NO
14012,CMeulep+PHlep/2,CM,CM,NO,2,NO
14013,H2O,PH,VR,NA,3,NO
14014,H2O,SC,VR,NO,2,NO
14015,ZU,RG,RG,NO,2,NO
14016,ZU,VR,VR,NO,3,NO
14017,LPdy/2,PH,LP,NO,2,NO
14018,ZU,NA,NA,NA,NA,NA
14019,LVlep+LVhu+CMeu/2,LV,PH,NO,2,NO
14020,H2O,RG,LP,NO,1,NO
14021,CMcrskp+RGeuskp/2R,CM,CM,NO,2,NO
14022,H2O,NA,NA,NO,1,NO
14023,GLszwmo/2,RG,NO,NO,2,NO
14024,H2O,NA,NA,NA,NA,NO
14025,LVlen+LPeuli/2,LV,LV,NO,2,NO
14026,H2O,PH,AN,NO,2,r
14027,H2O,CM,RG,NO,2,NO
14028,CMdylep+RGdylep/2,CM,CM,NO,2,NO
14029,H2O,PH,NO,NO,2,NO
14030,ZU,NA,NA,NO,NA,r
14031,LVsolep+RGeulep+LPeuli/2,LV,CM,NO,2,NO
14032,PHlep+LPhurz/2r,LV,LP,NO,2,r
14033,H2O,NA,NA,NA,NA,NO
14034,LPcali+LPrz/2,LP,LP,NO,2,NO
14035,H2O,NA,NA,NO,2,NO
14036,PHlep+LPmo/3,PH,PH,NO,2,NO
14037,PHha+FLeu/2,LP,RG,NO,2,NO
14038,CMdylep+RGdylep+LPdy/2,CM,CM,NO,2,NO
14039,PHhusoh+PHsl+RGeu/2,PH,PH,NO,2,NO
14040,PHsklep+LPeuli/2R,PH,LP,NO,2,NO
14041,H2O,PH,NO,NO,2,NO
14042,LVlen+LPeuli/2,LV,LP,NO,2,NO
14043,H2O,RG,RG,NO,2,NO
14044,H2O,NA,NA,NA,NA,NO
14045,PHsklep+PHcr/2r,PH,PH,NO,2,NO
14046,LPrz+CLlep/2R,PH,LP,NO,2,NO
14047,ZU,VR,VR,NO,3,NO
14048,H2O,NA,NA,NO,2,NO
14049,LPeulip+LPeu+LPmo/2,RG,LP,NO,2,NO
14050,ZU,NA,NA,NO,3,NO
14051,ZU,NA,VR,NO,3,NO
14052,PHlep+LPmo/2,PH,LP,NO,2,NO
14053,H2O,NA,NA,NA,NA,NO
14054,LPcali+LPrz/2,LP,RG,NO,2,NO
14055,H2O,PH,LV,NO,2,NO
14056,PHlep+RGeulep+LPmo/2,PH,LP,LP,3,NO
14057,H2O,NA,NA,NO,NA,NO
14058,CMdylen+LVdylen/2,CM,LP,NO,2,NO
14059,ANum+ANdy/2,LV,AN,NO,2,NO
14060,DUcaptp/2,PH,NO,NO,2,NO
14061,PHha+LPeuli/2,LV,PH,NO,2,NO
14062,CMdylep+RGdylep+LPdy/2,CM,CM,NO,2,NO
14063,ZU,NA,NA,NA,NA,NO
14064,H2O,NA,NA,NO,2,NA
14065,H2O,LP,LP,NO,3,NO
14066,ZU,VR,PH,NO,3,NO
14067,ZU,LP,PH,NO,2,NO
14068,RGeulen+CMcrlen+PHlen/1,RG,CM,NO,2,NO
14069,ZU,LV,LV,NO,3,NO
14070,ZU,NA,NA,NA,NA,NO
14071,PHlep+RGeulep+LPeuli/2,LV,LP,NO,2,NO
14072,H2O,NA,NA,NA,NA,NO
14073,H2O,PH,PH,NO,2,NO
14074,H2O,NA,NA,NA,2,NO
14075,LPeu+RGeulep/2,PH,LP,NO,2,NO
14076,LPeuli+PHlep/2,LV,LV,NO,2,NO
14077,H2O,NA,NA,NA,NA,NO
14078,H2O,PH,NA,NO,2,NO
14079,CMdylep+RGdylep+LPdyli/2,CM,AN,NO,2,NO
14080,LPeu+LPeuli/2,LP,LP,NO,2,NO
14081,ZU,LV,LV,NO,2,NO
14082,ZU,PH,CM,NO,2,NO
14083,ZU,PH,NA,NO,2,NO
14084,CMdylen+LVdylen/2,RG,CM,NO,2,NO
14085,PHlep+CMeulep+RGeulep/2,PH,CM,NO,2,NO
14086,PHha/2,LV,NO,NO,2,NO
14087,LPeuli+RGeu+CMeu/2,LP,LP,NO,2,NO
14088,PHlep+LPmo/2,PH,LP,NO,2,NO
14089,PHlen+VReulen+LPhum/3r,PH,VR,LP,2,NO
14090,H2O,PH,LP,NO,2,NO
14091,FLeu/2,RG,NO,NO,2,NO
14092,H2O,NA,NA,NA,NA,NO
14093,H2O,NA,NA,NA,NA,NO
14094,LPeu+PHlep+LPeuli/2,LV,PH,NO,2,NO
14095,ZU,PH,PL,NO,2,NO
14096,H2O,NA,NA,NA,NA,r
14097,ZU,NA,NA,NA,NA,NO
14098,ZU,NA,NA,NA,NA,NO
14099,PHha+RGca/2,CM,RG,NO,2,NO
14100,H2O,RG,CM,NO,1,NO
14101,H2O,NA,NA,NO,NA,NO
14102,LPcali+LPrz/2,LP,LP,NO,2,NO
14103,RGdylep+RGdytf/1,RG,LP,NO,1,R
14104,LVcrlen+LPeuvr/2,LV,LP,NO,2,NO
14105,H2O,NA,PH,NA,3,NO
14106,LPrz+LPeuli/2,LP,LP,NO,2,NO
14107,H2O,PH,VR,NO,3,r
14108,ZU,PH,LP,NO,2,NO
14109,H2O,NA,NA,NO,2,NO
14110,H2O,PH,PH,NO,2,NO
14111,H2O,PH,NA,NO,2,NO
14112,ZU,LV,LV,LP,3,NO
14113,ZU,RG,RG,NO,2,NO
14114,H2O,NA,PH,NA,3,NO
14115,H2O,PH,PH,NO,2,NO
14116,H2O,PH,LV,NO,2,NO
14117,H2O,PH,DU,NO,2,NO
14118,H2O,PH,LP,NO,2,NO
14119,H2O,PH,NA,NO,3,NO
14120,ZU,PH,PH,NO,2,NO
14121,RGeulep+CMeulep+PHlep/2,RG,CM,NO,2,NO
14122,PHha+RGca/2,RG,RG,NO,1,NO
14123,H2O,NA,NA,NO,NA,NO
14124,H2O,NA,NA,NO,2,NO
14125,H2O,NA,NA,NA,NA,NO
15001,H2O,PH,NA,NO,2,NO
15002,ZU,PH,PH,NO,2,NO
15003,H2O,NA,NA,NO,2,NO
15004,RGeule+VRmzpe+CMeucr/3,CM,RG,NO,2,NO
15005,H2O,NA,NA,NO,2,NO
15006,PHha/2,PH,NO,NO,2,NO
15007,ANum/2,AN,AN,NO,2,NO
15008,RGeulep+LPeuli/2,RG,LP,NO,2,NO
15009,AReu+CMeu/1r,AR,CM,NO,1,NO
15010,LPeuli+LPrz+PHha/2,PH,LP,NO,2,NO
15011,ZU,NA,NA,NA,NA,NA
15012,PHha/2,PH,NO,NO,2,NO
15013,ZU,PH,VR,NO,3,NO
15014,H2O,PH,PH,NO,2,NO
15015,AReu+CMeu/1r,AR,CM,NO,1,NO
15016,PHlep+LPeuli/2,PH,NO,NO,2,NO
15017,AReu+CMeu/1r,LP,AN,NO,2,r
15018,ZU,PH,PH,NO,2,NO
15019,ZU,AN,NA,NO,2,NO
15020,ZU,NA,PH,NA,2,NO
15021,ANumdyo+ANdy/2,AN,CM,NO,2,NO
15022,AReu+FLeusk/1r,AR,FL,NO,1,r
15023,ZU,PH,NA,NO,3,NO
15024,ZU,NA,NA,NO,3,NO
15025,ZU,PH,LP,NO,2,NO
15026,H2O,PH,PH,NO,2,NO
15027,ZU,PH,NA,NO,2,NO
15028,VRcrmz+VRpemz+PHlv/3,VR,PH,PH,2,NO
15029,ZU,PH,NO,NO,2,NO
15030,VRcrmz+VRpemz+PHlv/3,VR,VR,PH,3,NO
15031,ZU,NA,NA,NO,3,NO
15032,ANum/2,AN,AN,NO,2,NO
15033,SCsoszh+SCglso+SCso/3,NA,PH,NO,2,NO
15034,RGeusk+LPeuli+ANvi/1R,AN,NO,LP,2,R
15035,VRpemz/3,PH,NO,NO,2,NO
15036,ZU,PH,NA,NO,2,NO
15037,ZU,NA,NA,NA,2,NO
15038,LVcr+ANeu/3,AN,AN,NO,2,NO
15039,ZU,NA,NA,NO,2,NO
15040,VRpele+LPeu/3,VR,PH,NO,2,NO
15041,LPum+LPdyli/3,LP,LP,NO,2,NO
15042,H2O,NA,NA,NA,2,NO
15043,ANum/2,AN,NO,NO,2,NO
15044,ZU,NA,NA,NO,2,NO
15045,H2O,NA,NA,NO,2,NO
15046,LVcr+ANeu/3,LV,AN,NO,2,NO
15047,H2O,NA,NA,NO,2,NO
15048,H2O,NA,NA,NO,2,NO
15049,ANum/2,AN,NO,NO,2,NO
15050,ANmosk+ANha/2R,AN,AN,NO,2,NO
15051,ZU,NA,NA,NO,2,NO
15052,PHle+LPeuli/2,PH,LP,NO,2,NO
15053,VRpemz/3,VR,NO,NO,3,NO
15054,ZU,PH,NA,NO,2,NO
15055,PHha+CMeu/2,PH,CM,NO,2,NO
15056,PHlvlen+ANmo+LVcr/2,PH,PH,NO,2,NO
15057,ZU,NA,NA,NO,2,NO
15058,H2O,NA,NA,NA,NA,NA
15059,ZU,PH,NO,NO,2,NO
15060,ANum+ANdy/2,LV,AN,NO,2,NO
15061,PHlv/3,PH,NO,NO,2,NO
15062,ZU,AN,NA,NO,2,NO
15063,ANum/2,AN,NO,NO,2,NO
15064,H2O,NA,NA,NO,2,NO
15065,PHpdn+DUeu+VRpemz/2,PH,PH,NO,2,NO
15066,LPeuli+RGeu/2,CM,RG,NO,2,NO
15067,ANum+ANdy+CMdycr/2,AN,AN,NO,2,NO
15068,AReu+CMeu/1r,AR,CM,NO,2,r
15069,VRcrmz+VRpemz+PHlv/3,VR,VR,PH,3,NO
15070,AReu+PHha/1,AR,PH,NO,1,NO
15071,H2O,NA,NA,NA,NA,NA
15072,VRpemz/3,PH,NO,NO,2,NO
15073,PHha/2,PH,NO,NO,2,NO
15074,H2O,AN,LV,NO,2,NO
15075,LPeuli+PHha/2,PH,PH,NO,2,NO
15076,ZU,PH,VR,NO,2,NO
15077,CMcrlen+ANmo+PHha/2,CM,CM,NO,2,NO
15078,H2O,LP,LP,NO,2,NO
15079,H2O,NA,NA,NA,NA,NA
15080,LPeuli+RGeu/2,CM,RG,NO,2,NO
15081,ZU,PH,NA,NO,2,NO
15082,RGeulep+LPeuli/2,RG,LP,NO,2,NO
15083,PHha+LPeuli/2,AR,LP,NO,2,NO
15084,LPeuli+PHha/2,PH,PH,NO,2,NO
15085,H2O,PH,PH,NO,2,NO
15086,PHha+ANmo/2,AN,LP,NO,2,NO
15087,VRpemz+PHha/3,VR,PH,NO,2,NO
15088,CMcrdy+ANum/2,AN,AN,NO,2,NO
15089,AReu+CMeu/1r,AR,LP,NO,2,r
15090,ANum/2,AN,AN,NO,2,NO
15091,PHpcn+VRpemz/3,PH,VR,NO,3,NO
15092,LPeuli+PHha/2,PH,PH,NO,2,NO
15093,VRcrmz+VRpemz+PHlv/3,PH,DU,NO,2,NO
15094,ANmosk+ANha/2R,AN,AN,NO,2,NO
15095,ZU,NA,NA,NA,2,NO
15096,VRpemz/3,VR,NO,NO,3,NO
15097,ANha+CMeucr/2,AN,CM,NO,2,NO
15098,PHha/2,AN,NO,NO,2,NO
15099,H2O,NA,NA,NA,NA,NA
15100,VRcrmz+VRpemz+PHlv/3,VR,VR,NO,3,NO
15101,ZU,AN,NO,NO,2,NO
15102,H2O,PL,VR,NO,2,NO
15103,ANmosk+ANha/2R,AN,AN,NO,2,NO
15104,PHpcp+PHca+VRpemz/2,PH,PH,NO,2,NO
15105,RGeulep+LPeuli/2,RG,LP,NO,2,NO
15106,H2O,NA,NA,NA,NA,NA
15107,ZU,LP,PH,NO,3,NO
15108,ZU,NA,NA,NO,NA,NO
15109,ZU,VR,PH,NO,3,NO
15110,H2O,AN,AN,NO,2,NO
15111,ANum+ANdy/2,AN,AN,NO,2,NO
15112,H2O,AN,AN,NO,2,NO
15113,ANum+CMcrdy/2,AN,AN,NO,2,NO
15114,H2O,AN,AN,NO,2,NO
15115,ZU,DU,LP,NO,2,NO
15116,VRmzlep+LPeuli/3,LP,LP,NO,2,NO
15117,RGeule+VRmzpe+CMeucr/3,CM,RG,NO,3,NO
15118,ZU,AN,AN,NO,2,NO
15119,ANumlen+CMcrdy/2,VR,LP,NO,2,NO
15120,ZU,PH,NO,NO,2,NO
15121,H2O,NA,NA,NA,NA,NA
15122,SCglso+SCmo/3,SC,SC,NO,2,NO
15123,RGeulep+LPeuli/2,RG,RG,NO,2,NO
15124,ANum+ANdy/2,AN,AN,NO,2,NO
15125,SCso+SNmghum+SCgl/2,SC,SN,SC,2,NO
16001,ANum/2,AN,AN,NO,2,NO
16002,ZU,LP,RG,NO,2,NO
16003,PHha+LPeuli/2R,PH,LP,NO,3,NO
16004,ZU,VR,NA,NO,3,R
16005,ANumvi+ANdyvi+LVdy/2,AN,AN,LV,2,NO
16006,ZU,VR,LP,NO,2,NO
16007,ANdy+LVdy+ANum/2,AN,AN,AN,2,NO
16008,PHcalep+LPrz/2,PH,LP,NO,2,NO
16009,LPdyli+ANdy/2,LV,AN,NO,2,NO
16010,LPeuli+RGeu/2,LP,RG,NO,2,NO
16011,ZU,NA,NA,NA,NA,NO
16012,ZU,VR,NA,NO,3,NO
16013,LPeuli+RGeu/2,RG,RG,NO,2,NO
16014,PHcalep+LPrz/2,PH,NO,NO,2,NO
16015,PHcalep+LPrz/2,LP,LP,NO,2,NO
16016,ZU,LV,NA,NO,2,NO
16017,H2O,NA,PH,NO,2,NO
16018,H2O,VR,LP,NO,3,NO
16019,ZU,LV,CM,LP,3,NO
16020,VRsosz/3,VR,NO,NO,3,NO
16021,ZU,AN,AN,NO,2,NO
16022,ZU,VR,LP,NO,2,NO
16023,PHskpvr+VRsklep+LPha/3r,VR,VR,NO,3,NO
16024,ANdy/2,AN,AN,NO,2,NO
16025,ZU,AN,AN,NO,2,NO
16026,PHcalep+LPrz/2,LP,PH,NO,2,NO
16027,VRmzpe+PHha/3R,LV,NO,NO,3,NO
16028,H2O,VR,NA,NO,3,NO
16029,LPeuli+RGeu/2,RG,LP,NO,2,NO
16030,ZU,VR,VR,NO,3,NO
16031,H2O,NA,NA,NA,NA,NA
16032,ZU,AN,NO,NO,2,NO
16033,ZU,VR,PH,NO,3,NO
16034,ZU,AN,LV,NO,2,NO
16035,LPeuli+RGeu/2,LP,PH,NO,2,NO
16036,ZU,VR,PH,NO,3,R
16037,PHlep+LPeuli+LVcr/2,LV,LP,NO,3,NO
16038,RGeulep+LPeuli/2,LP,LP,NO,2,NO
16039,ANum/2R,AN,AN,NO,2,NO
16040,LVeuhu+LPeu+ANeu/2,VR,LP,NO,2,NO
16041,H2O,AN,NO,NO,2,NO
16042,PHskpvr+VRsklep+LPha/3r,VR,VR,NO,3,NO
16043,ZU,VR,LP,NO,3,NO
16044,H2O,VR,NA,NO,3,NO
16045,H2O,NA,NA,NA,3,NO
16046,VRmzpe/3R,VR,NO,NO,3,NO
16047,LPeuli+PHha/2,LP,LP,NO,2,NO
16048,ANdy+LVdy+ANum/2,LV,LV,NO,2,NO
16049,RGeulep+LPeuli/1,RG,RG,NO,2,NO
16050,H2O,VR,LP,NO,2,NO
16051,H2O,LV,VR,NO,3,NO
16052,ZU,RG,NO,NO,2,NO
16053,ZU,LV,LP,NO,2,NO
16054,H2O,LV,LV,NO,3,NO
16055,ZU,VR,PH,NO,3,R
16056,ANdy/2,AN,AN,NO,2,NO
16057,RGeulep+LPeuli/1,RG,LP,NO,2,NO
16058,ANumvi+ANdy/2,AN,AN,NO,2,NO
16059,VRmzpe/3R,VR,PH,NO,3,NO
16060,ZU,VR,VR,NO,3,R
16061,H2O,AN,AN,NA,2,NO
16062,ZU,NA,VR,NA,3,NA
16063,VRpelen/3R,VR,VR,NO,3,NO
16064,ZU,VR,PH,NO,3,R
16065,ZU,AN,AN,NO,2,NO
16066,ZU,AN,AN,NO,2,NO
16067,VRpelen/3R,VR,PH,NO,3,R
16068,PHlep+RGeulep+LPmo/2,AN,AN,LP,3,NO
16069,H2O,VR,VR,NO,3,NO
16070,ANlep+LPeuli/2,AN,LP,NO,2,NO
16071,H2O,VR,NA,NO,3,R
16072,H2O,LV,LV,NO,2,NO
16073,ZU,LV,LV,NO,2,NO
16074,PHvrlep+PHsklen/2r,VR,PH,NO,3,r
16075,ZU,AN,AN,NA,2,NO
16076,ZU,VR,VR,NO,3,r
16077,FLeu+FLca/1R,LP,LP,NO,2,NO
16078,PHha+LPeuli/2R,VR,NA,NO,3,R
16079,ZU,AN,AN,NO,2,NO
16080,H2O,LV,LV,NO,2,NO
16081,LPeuli+PHha/2,LP,RG,NO,2,NO
16082,LPdyli+ANdy/2,LP,AN,NO,2,NO
16083,ZU,AN,AN,NO,2,NO
16084,ZU,VR,NA,NO,3,NO
16085,ZU,VR,NA,NO,3,NO
16086,ZU,VR,VR,NO,3,NO
16087,ZU,VR,LV,NO,2,NO
16088,ZU,VR,LP,NO,3,NO
16089,RGeulep+LPeuli+CMcrlep/2,RG,LP,NO,2,NO
16090,ANdy/2R,AN,AN,NO,2,NO
16091,ZU,AN,LV,LP,2,NO
16092,LPeuli+RGeu/2,RG,RG,NO,2,NO
16093,H2O,AN,AN,NO,2,NO
16094,ZU,VR,NA,NO,3,NO
16095,ZU,LV,CM,LP,3,NO
16096,FLeu/2R,LV,LP,NO,2,NO
16097,RGeulen+LVcrlen+LPeuli/2,LP,RG,NO,2,NO
16098,ANdy+LVdy+LPdyli/2R,AN,LV,LP,2,NO
16099,RGeulep+LPeuli/2,LP,RG,NO,2,NO
16100,LVdylep+LPdyli/2,LV,NO,NO,2,NO
16101,RGeulep+LPeu/2,LV,RG,NO,2,NO
16102,ZU,AN,AN,NO,2,NO
16103,ZU,VR,VR,NO,3,NO
16104,ZU,NA,NA,NA,3,NO
16105,ZU,NA,NA,NA,NA,NO
16106,H2O,VR,VR,NO,3,NO
16107,LPeuli+ANmo/2,AN,AN,NO,2,NO
16108,ZU,NA,NA,NA,3,NO
16109,H2O,VR,VR,NO,3,NO
16110,ZU,LV,NA,NO,2,NO
16111,ZU,AN,AN,NO,2,NO
16112,LPeuli+PHha/2,AN,NO,NO,2,NO
16113,ZU,NA,NA,NA,NA,NA
17001,CLha+CMeucr+PHca/2R,CL,PH,NO,2,NO
17002,RGeule+ANeu/2,AN,AN,NO,2,NO
17003,VRmzpe/3R,VR,NO,NO,2,R
17004,ZU,LP,PH,NO,2,NO
17005,H2O,VR,PH,NO,2,NO
17006,ARdy+RGdy/1R,VR,RG,NO,3,NO
17007,PHlvle+PHha/3,PH,PH,NO,2,NO
17008,ZU,LP,PH,NO,2,NO
17009,ANumlep+LPdyli/2,AN,LP,NO,2,NO
17010,LPeuli+PHha/2,LP,PH,NO,2,R
17011,ZU,LP,PH,NA,2,NO
17012,ZU,NA,NA,NO,NA,NO
17013,LPeuli+PHha/2,LP,PH,NO,3,R
17014,VRmzpe/3,VR,PH,NO,2,NO
17015,LPrz+LPcali/2,LP,PH,NO,2,NO
17016,ANdy+ANum+LPdyli/2R,AN,NO,NO,2,R
17017,H2O,PH,PH,NO,2,NO
17018,LPrz+LPcali/3,LP,LP,LP,2,NO
17019,LPhum+LPmo+LPeuli/2,LP,LP,NO,2,NO
17020,LPeuli+PHha/2,LP,PH,NO,2,NO
17021,H2O,NA,NA,NO,2,NO
17022,LPdyli+ARdy/1,AN,AN,NO,2,R
17023,ANmosk+ANha/2R,AN,AN,NO,2,NO
17024,ZU,LP,PH,NO,2,NO
17025,LPrz+LPcali/3,LP,LP,NO,2,NO
17026,RGeule+ANeu/2,AN,AN,NO,2,NO
17027,ANmosk+ANha/2R,AN,AN,NO,2,R
17028,VRmzpe+PHca/3R,VR,PH,NO,3,NO
17029,ZU,LP,PH,NO,2,NO
17030,ANumsk+ANdy+LPdyli/2R,AN,AN,NO,2,R
17031,ZU,LP,NA,NO,2,NO
17032,ANdy+ANum+LPdyli/2R,RG,AN,NO,2,R
17033,VRmzpe/3R,VR,NO,NO,3,R
17034,H2O,VR,PH,NO,2,NO
17035,ZU,LP,PH,NO,3,NO
17036,ANdy+ANum+LPdyli/2R,AN,AN,LP,2,NO
18001,H2O,CM,RG,NO,2,NO
18002,LPeu+LPeuli/2,RG,PH,NO,2,NO
18003,PHlep+LPmo/3,CM,LP,NO,2,NO
18004,H2O,PH,LP,NO,2,NO
18005,LPeuli+RGskp/2,CM,RG,NO,2,NO
18006,CMeulep+RGeulep/2,CM,RG,NO,2,NO
18007,H2O,CM,LP,NO,2,NO
18008,H2O,LV,LV,NO,2,NO
18009,LPeuli+RGskp/2,CM,RG,NO,2,NO
18010,H2O,NA,NA,NA,NA,NO
18011,H2O,UM,LP,NO,2,NO
18012,H2O,NA,NA,NO,2,NO
18013,H2O,PH,PH,NO,2,NO
18014,H2O,LV,PH,NO,2,NO
18015,H2O,NA,NA,NO,NA,NO
18016,H2O,NA,NA,NA,NA,NO
18017,H2O,LV,NO,NO,3,NO
18018,H2O,NA,NA,NA,NA,NO
18019,CMeulep+LVlep+LPeu/2,LV,LV,NO,2,NO
18020,ZU,PH,RG,NO,2,NO
19001,LPcali+LPcarz+PHcalep/2r,LP,LP,NO,2,r
19002,CLha+CLlv/2,CL,CL,NO,2,NO
19003,H2O,CL,CL,NO,2,NO
19004,LPcamo/2R,LP,NO,NO,3,R
19005,H2O,CL,NO,NO,2,NO
19006,ZU,LP,NA,NO,2,NO
19007,PHcapcp/2R,LP,LP,NO,2,NO
19008,LPcali+LPcarz/2R,LP,LP,NO,2,r
19009,ZU,VR,NO,NO,3,NO
19010,ZU,LP,LP,NO,2,r
19011,H2O,CL,CL,NO,2,NO
19012,ZU,LP,LP,NO,2,r
19013,H2O,VR,NO,NO,2,NO
19014,ZU,LP,LP,NO,2,r
19015,VRsosz/3,CL,NO,NO,2,NO
19016,LPcarz/2r,LP,NO,NO,2,r
19017,LPcali+LPskrz/2R,LP,LP,NO,2,R
19018,LPskli+RGcalep+LPcask/2R,LP,RG,NO,2,NO
19019,ZU,LP,LP,NO,2,NO
19020,H2O,VR,NO,NO,2,NO
19021,ZU,LP,LP,NO,2,r
19022,H2O,VR,NO,NO,3,NO
19023,CLha+CLlv/2,CL,CL,NO,2,NO
19024,CMhulep+RGcalep+LPhurz/3,LP,LP,LP,2,NO
19025,ZU,LP,CL,NO,2,r
19026,ZU,LP,PH,NO,2,NO
19027,H2O,CL,NO,NO,2,NO
19028,LPrz+FLskca/2,LP,NO,NO,2,r
19029,VRcrlen+LVcrlen/3,VR,VR,NO,3,NO
19030,LPskli+LPskrz/2R,LP,LP,NO,2,R
19031,ZU,LP,PH,NO,2,NO
19032,H2O,CL,NO,NO,2,NO
19033,H2O,VR,VR,NO,2,NO
19034,LPhurz/3R,LP,NO,NO,2,r
19035,CLlep+LPli+CLlv/2,CL,CL,NO,2,NO
19036,ZU,LP,LP,NO,2,NO
19037,LPcask+RGcalep/2R,LP,RG,NO,2,r
19038,VRcrcc+CHccvr/3,LP,NO,NO,2,NO
19039,CHlvcc+CLsowlv/2,LP,LP,NO,2,r
19040,H2O,CL,CL,NO,2,NO
19041,ZU,VR,NO,NO,3,NO
19042,H2O,VR,NO,NO,3,NO
19043,LPcarz+PHcalep/2r,LP,LP,NO,2,R
19044,LPcarz/2r,LP,LP,NO,2,r
19045,LPcali+LPcarz/2r,LP,LP,NO,2,r
19046,LPcali+LPcarz/2r,LP,LP,NO,2,r
19047,LVsowad+RGsowad/3,LP,LP,NO,2,r
19048,PHpcp/2,LP,NO,NO,2,NO
19049,PHhulep+LPcarz/1R,LP,LP,NO,2,r
19050,CLlv+CLha/2,CL,CL,NO,2,NO
19051,LPcarz/2r,LP,NO,NO,2,r
20001,LVlen+CMcrlen+LVctlen/3,LV,CM,NO,2,NO
20002,LPcali+LPrz/3,LP,LP,NO,3,NO
20003,LVdylen/2,LV,LP,LV,2,NO
20004,LPeuli+PHlep+RGeulep/2,RG,PH,NO,2,NO
20005,ZU,PH,PH,NO,2,NO
20006,LPrz+RGcalep/2,LV,LP,NO,3,NO
20007,LPmo+PHlvlep/2,LP,PH,NO,2,NO
20008,CMcaplen+LVcrlen+PHca/2,CM,PH,NO,2,NO
20009,AClen/3,AC,NO,NO,2,NO
20010,ACcrpf+UMphhu+FLdy/3,PH,CM,NO,2,NO
20011,LPcali+LPcarz+RGcalep/2,LP,LP,RG,2,NO
20012,RGsklen+PHha+LPeu/1R,CM,CM,LP,3,R
20013,FLeuar/1R,VR,VR,NO,3,NO
20014,FLeu/2R,PH,VR,NO,3,NO
20015,ZU,RG,NO,NO,2,NO
20016,LPdyli+RGdy+CMdy/2,LP,RG,NO,2,NO
20017,ZU,LV,NA,NO,2,NO
20018,VRcr/3,LP,LP,NO,2,NO
20019,CMcrdy+LVcrpf+CMdylen/2,CM,LV,CM,2,NO
20020,UMdyhhu+UMhulen+RGdylep/2,LP,RG,RG,2,NO
20021,LPcali+LPrz/3,LP,VR,NO,3,NO
20022,RGeulep+LPeu+LPeuli/2,LP,LP,NO,2,NO
20023,ZU,NA,NO,NO,3,NO
20024,LVdylen+CMcrdy+RGdy/2,CM,LV,CM,2,NO
20025,FLmogl+PHlvvr+VRmzca/2,VR,PH,VR,2,NO
20026,LVcr/3,LV,LV,NO,3,NO
20027,CMdylen+RGdylen+UMlen/2,CM,LP,NO,2,NO
20028,ZU,NA,NA,NO,2,NO
20029,LVcrlen+CMcrdy/3R,CM,RG,NO,2,NO
20030,VRmzpe+PHlv+LVcrvr/3,VR,PH,LV,3,NO
20031,AChulen+CMdyhu+ACha/2,LV,LP,NO,2,NO
20032,LPeuli+LPeuhu+RGeulep/2,LP,LP,RG,2,NO
20033,RGcalep+VRmzpe/2r,RG,VR,NO,2,r
20034,LPeuli+RGeulep+VReucr/3,LP,RG,VR,3,NO
20035,LVcrlen+CMcrlen+LPeu/2,LV,CM,LP,2,NO
20036,LVdylen+LPdyhu+UMlen/3,LV,LP,NO,2,NO
20037,PHlen/2,LP,RG,LP,2,NO
20038,LVdylen+CMcrdy+AChulen/2,LV,CM,NO,2,NO
20039,RGcalep+LPeu/2,RG,LP,NO,2,NO
20040,CMhulen+RGdy/2,CM,RG,NO,2,NO
20041,LVcrlen+CMcrdy/3R,LV,CM,NO,2,NO
20042,FLdy/2,LV,CM,NO,2,NO
20043,ZU,PH,NO,NO,2,NO
20044,H2O,LV,LV,NO,2,NO
20045,RGdylep+LVdylep/2,RG,NO,NO,2,NO
20046,VRmzca+FLeu/3,LV,LP,LP,3,NO
20047,VRmzcc+FLeu/3,VR,LP,NO,2,NO
20048,LVcrpf+LPeu+RGeulep/2,LV,LP,NO,2,NO
20049,ZU,LV,VR,NO,3,NO
20050,LPrz+LPeu+RGcalen/3,LP,LP,NO,3,NO
20051,LVcrlen+RGcalen/2,LV,RG,NO,2,NO
20052,PHsklv/2,CM,LP,NO,2,NO
20053,CMcrlen+LPca+RGeulen/1,RG,PH,CM,1,NO
20054,VRmzca+FLeu/3,VR,FL,LP,3,NO
20055,RGcalep+LPcali+VRcalep/3,LP,LP,VR,2,NO
20056,LVdyhu+ARdy+RGdyar/2,LV,AR,NO,2,NO
20057,ZU,LV,LV,NO,2,NO
20058,RGeu+PHlep+CMeucr/2,CM,LV,CM,2,NO
20059,LPrz/3,LP,NO,NO,2,NO
20060,LVdylen+CMcrdy+AChulen/2,LV,CM,AC,2,NO
20061,LVapccw+PHlv+RGcalep/2,LV,PH,NO,2,NO
20062,LVcrlen+CMcrlen+LPeu/2,LV,CM,LP,2,NO
20063,RGeulen+LPeu/2,RG,LP,NO,2,NO
20064,ZU,LP,LP,NO,2,NO
20065,VRmzca+FLca/3R,LP,LP,NO,3,NO
20066,H2O,PH,VR,NO,2,NO
20067,RGeulep+LVcr/2,VR,NO,NO,3,NO
20068,ZU,NA,NA,NO,2,NO
20069,ZU,NA,NA,NO,3,NO
20070,ZU,LV,RG,NO,2,NO
20071,LVdylen+CMcrdy+LPdy/3,CM,CM,LV,3,NO
20072,LVcrpf/3,LV,NO,NO,3,NO
20073,GLeu+FLeu/3,LV,RG,NO,2,NO
20074,LPcahum+LPrz+CMeulen/2R,LP,LP,NO,2,NO
20075,ZU,PH,CM,VR,2,NO
20076,CMdylen/2,LV,NO,NO,2,NO
20077,RGca+PHca/2r,RG,PH,NO,2,NO
20078,LVcrlep/3,LV,NO,NO,3,NO
20079,H2O,NA,NO,NO,2,NO
20080,ZU,LV,CM,NO,2,NO
20081,VRcrlep/3,LP,LP,NO,3,NO
20082,CMcrdy+LVrody+RGdyar/1,CM,UM,CM,2,NO
20083,ZU,VR,NA,NO,3,NO
20084,LVdypf+CMcrdy+ACcrlen/2,CM,VR,NO,2,NO
20085,RGdy+CMdylen+LPdy/1,CM,CM,LP,3,NO
20086,LPrz+LPeu+RGcalen/3,LP,LP,NO,3,NO
20087,LVcrlep/3,LV,NO,NO,3,NO
20088,LVdylen+CMdylen/2,LV,LV,NO,2,NO
20089,FLeu/1R,PH,NO,NO,2,NO
20090,RGeulep+LPeu+PHarlen/1,RG,PH,NO,1,NO
20091,CMdylen+UMhu/2,CM,NO,NO,2,NO
20092,LVcrpf+LPeu+RGeulep/2,FL,LP,NO,2,NO
20093,LPrz+LVvrlen/3,LP,LV,NO,3,NO
20094,RGeulen+RGarlep+LPeuli/2,RG,RG,LP,2,NO
20095,RGdy+CMdylen+LPdy/1,LV,UM,LP,2,NO
20096,LPcamo+LPrz+RGcalen/3,LP,LP,NO,3,NO
20097,LVdylen+CMdylen/3,LV,CM,NO,3,NO
20098,LVcrlep+LPrz+LPcali/3,LV,LP,LP,2,NO
20099,LPeuli+LPhurz/3,LP,LP,NO,3,NO
20100,LVdypf+CMcrdy+LPdy/3,LV,CM,NO,3,NO
20101,VRmzpe+FLeu/3R,VR,LP,NO,3,NO
20102,RGeulen+LPeu/2,RG,LP,NO,2,NO
20103,PHlep/2,PH,NO,NO,2,NO
20104,LVlen+RGeulep+CMcrlen/2,LV,LP,NO,2,NO
20105,RGarlen+LPeu/1,LP,LP,NO,3,NO
20106,PHlep+LPeu+LVlen/3,PH,LP,NO,2,NO
20107,LVcrccw+PHcrca/2,VR,PH,NO,2,NO
20108,LVlen+RGeulep+CMcrlen/2,LV,RG,NO,2,NO
20109,RGcalep+LPcali+LPrz/2,LP,LP,NO,2,NO
20110,LPrz+LPeu+RGcalen/3,LP,LP,RG,3,NO
20111,LVdyhu+ARdy+RGdyar/2,LV,LV,NO,2,NO
20112,RGeulep+LPeu/2,RG,LP,NO,3,NO
20113,RGeulep+LPeu+PHarlen/1R,RG,LP,NO,1,R
20114,LVdylen+CMdylen/3,LV,CM,NO,3,NO
20115,ZU,NA,NA,NA,NA,NA
20116,LPrz+LVcr+LPcali/2,LP,LP,LP,2,NO
20117,LVdyhhu+LPdyhu+CMcrdy/3,RG,LP,RG,2,NO
20118,PHphlv+FLar+VRmz/3,PH,FL,NO,3,NO
20119,LVcr+VRcr/3,LP,LP,NO,3,NO
20120,LVdylen+CMdylen/3,LV,CM,NO,3,NO
20121,LPcamo+LPrz+RGcalen/3,LP,LP,PH,3,NO
20122,LVcrlen+LPeu+CMeulen/3R,RG,LP,NO,2,NO
20123,LVcrpf+LPeu+RGeulep/2,LV,LP,NO,2,NO
20124,ZU,PH,VR,NO,2,NO
20125,LVpf+CMcalen+LPeu/2,LP,CM,NO,2,NO
20126,PHhulv+LVpfhu/3,LP,RG,NO,2,NO
20127,LPrz+LPeu+RGcalen/3,LP,LP,RG,3,NO
20128,LVdypf+CMcrdy+LPdy/3,LV,CM,LP,3,NO
20129,LPcamo+LPrz+RGcalen/3,LP,LP,NO,3,NO
20130,H2O,PH,PH,NO,2,NO
20131,LVctpf+CMcrlen/3,LP,CM,NO,3,NO
20132,LPmo+PHlvlep/2,LV,PH,NO,2,NO
20133,LVcr/3,LV,LV,LP,2,NO
20134,LPrz+LVcr/2,LV,LV,NO,2,NO
20135,LVcrpf+LPeu+RGeulep/2,FL,NO,NO,2,NO
20136,ACcrhu+CMcrdy+LVdypf/2,LV,CM,NO,2,NO
20137,LVcrlen+LPrz/2,LV,NO,NO,2,NO
20138,ACcrlep+UMhulen+CMdylen/3,LV,CM,NO,3,NO
20139,CMcrdy+LVpfhu/2,CM,LV,NO,2,NO
20140,VRmzca+FLeu/3,VR,FL,NO,3,NO
20141,H2O,NA,NA,NA,NA,NO
20142,LVcrlen+CMcrdy/3R,LV,CM,NO,2,NO
20143,H2O,PH,VR,NA,2,NO
20144,VRmzca+FLeu/3,LV,LP,LP,3,NO
20145,RGeulep+LPeu/2,RG,LP,NO,1,NO
20146,LPadsk+RGcalen+RGeulep/2R,LP,RG,NO,2,NO
20147,LVrolen+LVcrlep+LPrz/3,LV,LV,NO,3,NO
20148,LPeu+LVhulen/3,LP,LV,LV,3,NO
20149,LVcrlen+FLeuar/3,LV,CM,NO,3,NO
20150,FLeu/1R,PH,LP,NO,2,NO
20151,PHlep+FLeu+VRcrlen/2,PH,LP,NO,2,NO
20152,LPcali+LPcarz+RGcalep/2,LP,LP,RG,2,NO
20153,LPdyhu+LVdyhu+CMdylep/3,LP,LV,CM,1,NO
20154,RGcalen+LPrz/2,RG,LP,NO,2,NO
20155,ZU,PH,LP,NO,3,NO
20156,ACcrlen+AChulen/2,LV,CM,NO,3,NO
20157,VRcr+FLeu/3,VR,FL,NO,3,NO
20158,RGdylen+CMdyar/1,RG,CM,NO,2,NO
20159,LPdyhu+LVdyhu+CMdylep/3,LP,NO,NO,2,NO
20160,LVsklen+RGeulep/2,LV,RG,NO,2,NO
20161,LVcrlen+RGeulen+LPeu/2,RG,LP,NO,2,NO
20162,LPmo+PHlvlep/2,LV,LP,NO,2,NO
20163,CMhulen+RGdy/2,CM,RG,NO,2,NO
20164,RGcalen+VRcalep+LPcali/3R,RG,VR,LP,3,R
20165,RGeulep+LPeu+LPhu/2,RG,RG,NO,2,NO
20166,ZU,LP,LV,NO,3,NO
20167,LPcahum+LPrz+CMeulen/2R,LP,LP,NO,2,NO
20168,ZU,RG,NO,NO,1,NO
20169,RGeu+VReumz+PHha/3,RG,VR,NO,3,NO
20170,LPadsk+RGcalen+RGeulep/2R,LP,RG,NO,3,NO
20171,LVcr+RGeu+LPrz/3R,LV,RG,NO,2,NO
20172,VRcr/3,LP,CM,NO,3,NO
20173,LVcrlen+CMcrlen+LPeu/2,LV,CM,NO,2,NO
20174,ZU,NA,NA,NA,NA,NO
20175,LVlen+CMcrlen+LVctlen/3,LV,CM,NO,2,NO
20176,RGeulep/2,LP,LP,NO,3,NO
20177,PHca/2r,PH,LP,NO,2,NO
20178,RGca+PHca/2r,RG,PH,NO,2,r
20179,UMhu+CMdylen/2,RG,CM,NO,2,NO
20180,H2O,LV,NA,NO,2,NO
20181,LPeuli+RGeulep+LPmo/2,LP,PH,NO,2,NO
20182,LVhuulen+CMdyar/2,LV,CM,NO,2,NO
20183,LPcali+LPcarz+RGcalep/2,LP,LP,RG,2,NO
20184,ZU,LP,LV,NO,3,NO
20185,RGdylen+CMdylen/2,RG,CM,NO,2,NO
20186,RGcalep+LPcali/2,LP,LP,NO,2,NO
20187,LPrz+LVcr+LPcali/2,LP,LP,LP,2,NO
20188,CMcrdy+LVrody+RGdyar/1,LV,LV,NO,2,NO
20189,LPdyhhu+RGdyhlep/2,LV,RG,NO,2,NO
20190,ZU,LV,LV,NO,2,NO
20191,LVcrlen+CMcrlen+LPeu/2,LV,CM,NO,2,NO
20192,ZU,NA,NA,NA,NA,NA
20193,UMhu+CMdylen/2,RG,CM,NO,2,NO
20194,CMhulen+LVcrlep+LPeu/2,LP,CM,LP,2,NO
20195,LPrz+LVcr+LPeuli/3,LP,LP,NO,3,NO
20196,LVcrlen+CMcrlen+LPeu/2,LV,CM,NO,2,NO
20197,ZU,PH,NO,NO,3,NO
20198,ZU,LV,LV,NO,2,NO
20199,LPeuli+LPhurz/3,LP,LP,RG,3,NO
20200,LPeu/2,LV,CM,NO,2,NO
20201,LVpfhu+CMcrdy/2r,LV,CM,NO,2,NO
20202,RGdylep+CMdylen+LPdyhu/2,LV,CM,LP,2,NO
20203,LPeu+CMcrlen+RGeulen/3,CM,LP,LP,3,NO
20204,PHcrlep+PHlep+LPeu/3R,CM,CM,LP,3,R
20205,ZU,LV,LV,NO,2,NO
20206,RGeulep+LPeuli/2,RG,LP,NO,2,NO
20207,ZU,LV,LV,NO,2,NO
20208,PHhulen+CMeulen/2,LV,CM,NO,3,NO
20209,PHhulv+LVpfhu/3,LV,LP,NO,2,NO
20210,RGarlen+LPeu/1,PH,CM,NO,3,NO
20211,LPmo+LVhulen/3,LP,LV,NO,2,NO
20212,ACcrlen+AChulen/2,LV,LP,NO,2,NO
20213,LPeu+RGeulep/2,LP,CM,NO,2,NO
20214,ACcrhu+CMcrdy+LVdypf/2,LV,CM,NO,2,NO
20215,LPcamo+LPrz+RGcalen/3,LP,LP,NO,3,NO
20216,LVdypf+CMcrdy+LPdy/3,LV,CM,NO,3,NO
20217,LPrz+LPeuli/3,LV,LV,NO,3,NO
20218,LVcrlen+PHcalep+LPeu/2,LV,PH,NO,2,NO
20219,LVcrlen+RGcalen/2,LV,RG,NO,2,NO
20220,ACcrhu+CMcrdy+LVdypf/2,CM,CM,LV,2,NO
20221,LPrz+LPeuli/3,LP,LP,NO,3,NO
20222,LVcrdy+CMdylen+ACcrhu/2,LV,CM,NO,2,NO
20223,ACcrlen+AChulen/2,LV,AC,LP,3,NO
20224,RGeulep+LVcr/2,RG,LP,NO,3,NO
20225,RGdylen+LVdylen/2,RG,NO,NO,2,NO
20226,LPcarz+RGcalep+CMeulen/2,LP,CM,LP,2,NO
20227,FLeu/1,VR,NO,NO,1,NO
20228,LVcrlen+CMcrdy/3R,CM,RG,NO,2,NO
20229,CMcrdy/2,LV,LV,NO,2,NO
20230,RGcalep+VRcrlep+LPcali/3R,RG,VR,NO,3,R
20231,LVcrdy+CMdylen/2,LV,CM,NO,2,NO
20232,LPcali+LPrz/3,LV,LP,NO,3,NO
20233,LVcrlen+RGcalep/2,LV,CM,NO,3,NO
20234,CMhulen+RGdy/2,CM,RG,NO,2,NO
20235,LPcali+RGcalep+LPrz/3,LP,LP,LP,2,NO
20236,LVdyhhu+UMhulen+CMcrdy/3,LV,CM,NO,3,NO
20237,FLeu/1R,LP,RG,NO,2,NO
20238,ZU,LV,CM,NO,3,NO
20239,LPrz+LPeu+RGcalen/3,LP,CM,NO,3,NO
20240,RGcalep+LPeu+LPrz/2,RG,LP,LP,3,NO
20241,VRmzpe+FLeu/3R,CM,LP,NO,2,NO
20242,LPcali+LPcarz+RGcalep/2,LP,LP,NO,2,NO
20243,LPca+RGcalen/3,LV,LP,NO,3,NO
20244,CMad+LVad/2R,RG,GY,NO,1,NO
20245,H2O,NA,LP,NA,NA,NO
20246,LVdylen+CMdylen/3,LV,CM,NO,3,NO
20247,LVcrlen+CMcrlen+LPeu/2,LV,CM,NO,2,NO
20248,ZU,NA,PH,NO,1,NO
20249,CMhulen+RGdy/2,CM,RG,NO,2,NO
20250,LPcamo+LPrz+RGcalen/3,LV,LP,LP,3,NO
20251,LPeuli+LPhurz/3,LP,LP,NO,2,NO
20252,RGeulep+LPeu/1,RG,LP,NO,2,NO
20253,LPcali+LVcr/3,LP,CM,LV,2,NO
20254,LPdyhhu+UMlep/3,LV,LP,NO,3,NO
20255,LVcrlen+PHcalep+LPeu/2,LV,NO,NO,3,NO
20256,LPeu+PHlen/2,LP,PH,NO,2,NO
20257,LVdylen+CMcrdy+AChulen/2,LV,CM,NO,2,NO
20258,VRcr/3,LP,LP,NO,3,NO
20259,LPrz+LPcali+VRcalep/3,LP,LP,RG,3,NO
20260,LVlen+CMcrlen+LVctlen/3,LV,CM,NO,2,NO
20261,LPeuli+LPeuhu+RGeulep/2,LP,LP,RG,2,NO
20262,LVcrlen+CMcrlen+LPeu/2,AC,CM,NO,2,NO
20263,RGdy+CMdylen+LPdy/1,LV,LP,LP,3,NO
20264,LVrolen+LVhulep+PHcalen/3,LV,LV,NO,3,NO
20265,LVdylen+LPdy+UMhulen/3,CM,CM,NO,2,NO
20266,RGeu+PHca/1,RG,CM,NO,2,NO
20267,LVcrlen+CMcrlen+LPeu/2,LV,CM,LP,2,NO
20268,PHlvlen/2,LV,CM,NO,2,NO
20269,LPrz+LPeu+RGcalen/3,LP,LP,NO,3,NO
20270,LVlep+RGeulen/3,LV,LP,NO,3,NO
20271,VRmzpe+FLeu/3R,LV,RG,NO,3,NO
20272,LVcrdy+UMhulep+LPdyhu/2,RG,CM,LP,2,NO
20273,ACpfhuu+LVcrdy/2,CM,LV,NO,2,NO
20274,LPeu+LPrz+LVcrlen/3,RG,LP,NO,2,NO
20275,RGhulen+LVhulen+LPdyhu/2,LV,LV,LV,2,NO
20276,CMcrdy+LVcrpf+CMdylen/2,CM,LV,NO,2,NO
20277,FLeulen/1R,LV,LP,NO,2,NO
20278,RGeu+VReumz/3,RG,VR,NO,3,NO
20279,LPdyhhu+UMlep/3,LV,UM,NO,3,NO
20280,LVpfhu+CMcrdy/2r,LV,CM,NO,3,NO
20281,VRmzca+FLeu/3,LV,FL,LP,3,NO
20282,LPhu+CMcrlen/2,CM,LP,NO,2,NO
20283,LPeu+PHlep/2,LP,LP,NO,3,NO
20284,RGeulep+LPeu/2,LV,LP,NO,2,NO
20285,LVdyhu+ARdy+RGdyar/2,LV,AR,NO,2,NO
20286,LPrz+LPca/2,PH,VR,NO,3,NO
20287,VRmzcc+FLeu/3,VR,LP,NO,3,NO
20288,LVpfhu+CMcrdy/2r,LV,CM,NO,2,NO
20289,RGeulen+PHarlen/2,RG,CM,NO,2,NO
20290,RGcalep+LPcali+VRcalep/3,LP,LP,VR,3,NO
20291,RGdy+CMdylen+LPdy/1,RG,LP,NO,1,NO
20292,LVcrpf+LPeu+RGeulep/2,RG,LP,NO,2,NO
20293,VRcr+PHca+FLeu/3,VR,PH,NO,3,NO
20294,UMhu+CMdylen/2,RG,LV,NO,2,NO
20295,LVcrpf+LPeu+RGeulep/2,LV,VR,NO,2,NO
20296,ZU,CM,CM,NO,2,NO
20297,FLeuar/1R,LV,LP,NO,2,NO
20298,ZU,LP,CM,NO,2,NO
20299,ACcrlep+UMhulen+CMdylen/3,LV,CM,NO,3,NO
20300,RGdylep+CMdyar+LPdy/1,RG,NO,NO,2,NO
20301,LVcrpf+VRmzpe/3,LV,VR,NO,2,NO
20302,CMcrdy+LVrody+RGdyar/1,RG,LV,CM,2,NO
20303,LVdylen+CMdylen/3,LV,CM,NO,3,NO
20304,LPrz+RGcalep/2,LP,RG,PH,2,NO
20305,KSph+VRmzcr+FLeu/2,VR,VR,NO,2,NO
20306,LVdylen+CMcrdy+LPdy/3,LV,CM,LV,3,NO
20307,ZU,CM,PH,NO,2,NO
20308,PHlen/2,PH,PH,NO,2,NO
20309,RGeu+VReumz/3,RG,VR,NO,3,NO
20310,FLeuar/1,FL,NO,NO,1,NO
20311,PHcalen+RGeulep/2r,PH,LV,NO,2,NO
20312,ZU,RG,NA,NA,2,NO
20313,LPrz+LPeuli/3,LV,LP,NO,3,NO
20314,FLeulen/1R,LP,LP,NO,1,NO
20315,ZU,NA,NA,NA,2,NO
20316,PHlen+LVcrlen/2,PH,NO,NO,2,NO
20317,LPrz+LPeu+RGcalen/3,LP,LP,NO,3,NO
20318,H2O,RG,NO,NO,1,NO
20319,LPeu+RGarlen/1,LP,RG,NO,2,NO
20320,RGeulep+LPeu/1,RG,LP,NO,1,NO
20321,PHlep+FLeu+VRcrlen/2,PH,LP,NO,2,NO
20322,CMhulen+RGdy/2,CM,RG,NO,2,NO
20323,LPhum+LVhulen+CMcrlen/3,LV,FL,CM,2,NO
20324,PHha+FLeu/1R,PH,CM,NO,1,NO
20325,CMhulen+LVcrlep+LPeu/2,PH,LP,NO,2,NO
20326,ACcrhu+CMcrdy+LVdypf/2,LV,CM,NO,2,NO
20327,H2O,SC,PH,NO,1,NO
20328,RGeulep+LPeu/2,RG,LP,NO,2,NO
20329,LPrz+LPeuli/3,LP,LP,NO,3,NO
20330,LVcrlep+LPrz+LPcali/3,LV,LP,LP,2,NO
20331,LVcrlen+LPeu+CMcrlen/3,LV,LP,LP,3,NO
20332,VRmzca+FLeu/3,VR,LP,NO,3,NO
20333,LPeuhk+CMcrlen+FLeuar/2R,LP,CM,NO,2,NO
20334,H2O,RG,PH,NO,1,NO
20335,ACcrhu+CMdylen/2,LV,CM,NO,2,NO
20336,FLdy/1R,CM,CM,NO,2,NO
20337,CMdylen+UMlen+LVdylen/2,LV,CM,NO,2,NO
20338,ZU,RG,PH,NO,2,r
20339,LPrz+LVvrlen/3,LP,LP,NO,3,NO
20340,RGeulep+LPeu+LPeuli/2,LP,RG,NO,2,NO
20341,LPrz+LVvrlen/3,LP,LV,NO,3,NO
20342,ZU,NA,NA,NA,NA,NA
20343,ZU,NA,NA,NO,NA,NO
20344,RGeulep+LPeu+PHarlen/1R,RG,LP,NO,2,NO
20345,ZU,NA,NA,NO,2,NO
20346,LPeu+PHhulen/3,LP,PH,NO,3,NO
20347,UMlen+LPdy/2,LV,LP,NO,2,NO
20348,LPrz+LPca/2,LP,LP,NO,2,NO
20349,LVcrlen+RGcalen/2,LV,RG,NO,2,NO
20350,ZU,NA,NA,NA,NA,NO
20351,RGeulep+CMeulen+LPeu/2,LP,CM,NO,2,NO
20352,RGeulep+LPeu+LPhu/2,RG,LP,LP,2,NO
20353,LPcarz+RGcalep/2,LP,RG,NO,2,NO
20354,LVcrlen+CMcrdy/3R,CM,RG,NO,2,NO
20355,LVdylen+CMcrdy+RGdy/2,CM,CM,NO,2,NO
20356,ZU,RG,LV,NO,2,NO
20357,PHcrlep+PHlep+LPeu/3R,PH,CM,LP,2,R
20358,LVcrlen/2,VR,NO,NO,2,NO
20359,LVcrlen+CMcrlen+LPeu/2,LV,CM,NO,2,NO
20360,LVcrlen/3,LV,NO,NO,3,NO
20361,CMcrlep+LPeu+LVcrlen/3,LP,LP,CM,3,NO
20362,LVapccw+PHlv+RGcalep/2,LV,PH,RG,2,NO
20363,LVcrlen+CMcrlen+LPeu/2,LV,CM,NO,2,NO
20364,LPeu+RGeulep/2,LP,LP,NO,2,NO
20365,LVcrlen+CMcrlen+LPeu/2,AC,CM,NO,3,NO
20366,RGdy+CMdylen+LPdy/1,RG,LP,CM,1,NO
20367,RGeulep+LPeu+PHarlen/1,PH,NO,NO,2,NO
20368,LPmo+PHlvlep/2,LP,LP,NO,2,NO
20369,ZU,NA,NO,NO,3,NO
20370,VRcr/3,LV,LP,NO,3,NO
20371,RGeulep+LPeu/1,RG,PH,NO,2,NO
20372,LVcr/3,LV,LV,LP,2,NO
20373,PHcalep+LPeuli/2,LP,LP,NO,2,NO
20374,CMhulen+RGdy/2,CM,RG,NO,2,NO
20375,ZU,NA,NA,NA,NA,NO
20376,LPcali+LPcarz+RGcalep/2,LP,LP,RG,2,NO
20377,LPca+CMcrlen/3,LV,CM,NO,2,NO
20378,ZU,NA,NA,NO,2,NO
20379,LPrz+LPeuli/3,LP,LP,NO,3,NO
20380,LVcrlen+RGcalen/2,LV,NO,NO,3,NO
20381,RGcalep+LPcali+VRcalep/3,RG,LP,VR,3,NO
20382,LVcrlen+LPrz/2,LV,LP,NO,2,NO
20383,VRcr/3,VR,NO,NO,3,NO
20384,RGeulep+CMeulen+LPeu/2,LP,CM,LP,2,NO
20385,ZU,NA,NA,NO,NA,NO
20386,RGdylen+CMdyar/1,LP,CM,NO,2,NO
20387,ZU,LV,NA,NO,2,NO
20388,LVcrpf+LPeu+RGeulep/2,LV,LP,NO,2,NO
20389,FLeuar/1R,FL,NO,FL,1,NO
20390,LVcrlep/3,LV,NO,NO,3,NO
20391,RGdy+CMdylen+LPdy/1,LP,CM,LP,2,NO
20392,LPca+CMcrlen/3,LV,LV,LP,2,NO
20393,LPmo+PHlvlep/2,LV,PH,NO,2,NO
20394,RGhulen+LVhulen+LPdyhu/2,LV,FL,NO,2,NO
20395,LPrz+RGcalep/2,LP,LP,NO,3,NO
20396,LPrz+PHhulep/2,LP,PH,NO,2,NO
20397,LPrz+LPeuli/3,LP,LP,NO,3,NO
20398,LVcrlen/2,LV,NO,NO,2,NO
20399,VRcr+FLeu/3,VR,NO,NO,1,NO
20400,PHlen+RGeulen/2,PH,RG,NO,2,NO
20401,CMcr+LVcr+RGeu/2R,RG,LP,NO,1,NO
20402,LVdyhu+ARdy+RGdyar/2,LV,AR,NO,1,NO
20403,LVcrccw+PHcrca/2,LV,PH,NO,3,NO
20404,RGeulep+LVcr/2,LV,LV,NO,3,NO
20405,LPrz+LVvrlen/3,LP,LV,NO,3,NO
20406,RGeu+VReumz/3,RG,VR,NO,3,NO
20407,LPrz/2,LV,LV,NO,3,NO
20408,LPrz+LPeu+RGcalen/3,LP,LP,RG,3,NO
20409,ZU,LV,VR,NO,3,NO
20410,LPeu+LVcrlen/3,LP,LV,NO,2,NO
20411,LVcrlen+VReumz/3,LV,VR,NO,3,NO
20412,RGeulen+LPeu/1,LV,CM,NO,2,NO
20413,RGeulep+LPeu/1,RG,LP,NO,1,NO
20414,H2O,PH,PH,NO,1,NO
20415,RGdylep+CMdyar+LPdy/1,RG,LP,NO,2,NO
20416,RGarlen+LPeu/1,RG,LP,NO,3,NO
20417,ZU,LP,NA,NO,3,NO
20418,CMcrlen+RGeulep+LPeu/2R,PH,CM,NO,2,NO
20419,LVcrlen+CMcrlen+LPeu/2,LV,CM,NO,2,NO
20420,LVpfhu+LVdylen/2,LV,NO,NO,2,NO
20421,PHcrlv+LVctccw+CMcalen/2,PH,PH,NO,2,NO
20422,LPcamo+LPrz+RGcalen/3,LP,LP,RG,3,NO
20423,LPrz+LPeu+LVcrlen/3,LP,LP,NO,3,NO
20424,UMlen+LPdy/2,LV,LP,NO,2,NO
20425,CMcrdy+LVcrpf+CMdylen/2,CM,LV,CM,2,NO
20426,LVcrpf+LPeu+RGeulep/2,LV,LP,NO,2,NO
20427,ZU,LV,CM,NO,2,NO
20428,LPdyhu+UMlen+RGdylen/1,LP,CM,NO,3,NO
20429,LPmo+RGcalen+FLeu/2,LV,LP,NO,2,NO
20430,LPrz+LVcr+LPeuli/3,LP,NO,NO,3,NO
20431,RGeu+PHlep+CMeucr/2,PH,LP,NO,2,NO
20432,LVdypf+CMcrdy+LPdy/3,LV,CM,LP,3,NO
20433,RGdylep+CMdylen+LPdyhu/2,LV,CM,LP,2,NO
20434,LVcrlen+CMcrdy/3R,LV,CM,NO,2,NO
20435,AChulen+CMdyhu+ACha/2,LV,LP,LP,2,NO
20436,RGeulen+PHlen/1,RG,LP,NO,3,NO
20437,LVhulen+RGdyhu/2,LV,CM,NO,2,NO
20438,CMcrdy+LVpfhu/2,CM,LV,NO,2,NO
20439,RGeulep+PHha/1,RG,PH,NO,1,NO
20440,CMcrlen+RGeulep+LPeu/2R,CM,LP,NO,2,R
20441,LVapgl+VRmzcr+PHlv/1,NA,VR,NO,1,NO
20442,CMrody+ACcrlen/2,CM,AC,NO,2,NO
20443,ACcrlen+CMcrdy/3,AC,CM,NO,3,NO
20444,FLeuar/1R,FL,NO,NO,2,NO
20445,RGeulep+LPeu/1,RG,LP,NO,2,NO
20446,LVcrlen+LPrz+LPhu/2,LV,LV,LP,2,NO
20447,RGdylep+CMdyar+LPdy/1,RG,LP,NO,2,NO
20448,LPdy+CMdylen/2,LP,CM,NO,2,NO
20449,PHlen+LVcrlen/2,LP,NO,NO,2,NO
20450,LPrz+LPca/2,LP,CM,NO,2,NO
20451,LVrolen+LVhulep+PHcalen/3,LV,LP,NO,3,NO
20452,ZU,NA,NO,NO,2,NO
20453,H2O,PH,GL,NO,2,NO
20454,LVdyhu+LPdy+RGdylep/2,LV,LP,NO,2,NO
20455,LPeuli+LPeuhu+RGeulep/2,RG,LP,NO,2,NO
20456,PHlen+CMeulen+RGeulen/2,PH,RG,RG,2,NO
20457,ACcrlen+AChulen/2,AC,AC,LP,2,NO
20458,FLdy/2,AC,NO,NO,2,NO
20459,LPeuli+RGeulep/2,LP,RG,NO,2,NO
20460,ACcrlen+AChulen/2,LV,RG,NO,2,NO
20461,VRmzca+FLca/3R,LP,LP,NO,2,NO
20462,PHlen+CMeulen+RGeulen/2,PH,CM,NO,2,NO
20463,LVrolen+LVhulep+PHcalen/3,RG,LP,LP,2,NO
20464,LPeu+PHlen/2,LP,LP,NO,2,NO
20465,LVcrdy+CMdylen/2,LV,LP,NO,2,NO
20466,RGdyar+LPdy/1,LV,LP,NO,2,NO
20467,H2O,NA,NA,NO,1,NO
20468,ZU,LV,LV,NO,2,NO
20469,LPrz+LPca/2,LP,RG,NO,2,NO
20470,CMdylen/2,LV,LP,NO,2,NO
20471,LVpfhu+CMcrdy/2r,LV,CM,LP,3,NO
20472,RGeulen+LPeu/1,PH,CM,NO,2,NO
20473,CMrody+ACcrlen/2,CM,CM,NO,3,NO
20474,ZU,NA,NA,NO,2,NO
20475,ZU,LV,NA,NO,3,NO
20476,LPeu+PHlep+RGeulep/2,LP,PH,NO,2,NO
20477,LVctpf+LPdy+LVrody/3,LV,RG,NO,2,NO
20478,UMhu+CMdylen/2,RG,LP,NO,2,NO
20479,LVcrlen+LPeu+CMcrlen/3,LV,LP,CM,3,NO
20480,PHlep+RGeulen/2,PH,CM,NO,2,NO
20481,LVdylen+CMdylen/2,LV,LV,LP,2,NO
20482,H2O,NA,NO,NO,1,NO
20483,FLeu/1,RG,LV,NO,2,NO
20484,RGcalep+LPcali/2,LP,LP,NO,3,NO
20485,ZU,NA,NA,NO,1,NO
20486,LPrz+LPeuli/3,LP,LP,NO,3,NO
20487,LPrz+LPeu+RGcalen/3,LP,LP,LP,2,NO
20488,LPeu+PHlen/2,LP,LP,NO,2,NO
20489,RGeulen+CMeulen/1,CM,LP,NO,2,NO
20490,LVcrlen+CMcrdy/3R,LV,CM,NO,2,NO
20491,UMphhu+LPdy+CMhulen/2,LV,CM,NO,2,NO
20492,LVcrlen+LPrz/3,LV,LP,NO,3,NO
20493,LPcamo+LPrz+RGcalen/3,LP,LP,NO,3,NO
20494,LVcrpf+LPeu+RGeulep/2,LV,LV,RG,2,NO
20495,LPmo+LVhulen/3,LP,LV,NO,3,NO
20496,LVcrlen+CMcrlen+LPeu/2,AC,CM,NO,2,NO
20497,RGdylep+CMdylen+LPdyhu/2,RG,CM,LP,2,NO
20498,ZU,LV,RG,NO,2,NO
20499,LPrz+LVvrlen/3,LP,CM,NO,3,NO
20500,PHcalep+LVcrlen+LPhurz/2,LV,LV,LP,2,NO
20501,LPcali+LPcarz+RGcalep/2,LP,LP,RG,2,NO
20502,LVdyhlen+FLdyh+LPhuli/2,LV,LV,NO,2,NO
20503,LVdylen+CMdylen/3,LV,CM,NO,3,NO
20504,LVdypf+CMcrdy+ACcrlen/2,LV,CM,NO,2,NO
20505,ZU,PH,CM,NO,2,NO
20506,ACcrlep+UMhulen+CMdylen/3,AC,CM,CM,3,NO
20507,H2O,NA,NA,NO,1,NO
20508,VRmzpe+PHlen+LPeu/3,VR,CM,NO,3,NO
20509,CMeu+RGeu/2R,CM,CM,NO,2,R
20510,PHcalep+LVcrlen+LPhurz/2,PH,LV,LP,2,NO
20511,RGeulen+RGarlep+LPeuli/2,LV,LV,LP,2,NO
20512,UMlen+LPdy/2,LV,LP,NO,2,NO
20513,CMcrlen+LPeu+FLeu/2,LV,CM,NO,2,NO
20514,ACcrlen+AChulen/2,AC,AC,LP,2,NO
20515,ZU,CM,LP,NO,2,NO
20516,CMcrlen/2R,LV,CM,NO,2,NO
20517,CMhulen+LVcrlep+LPeu/2,LV,CM,NO,2,NO
20518,PHcalen+LPeu+LVcrlen/3,PH,LP,LV,3,NO
20519,VRmzca+VRpecc+FLeu/3,VR,VR,NO,3,NO
20520,PHlep+RGeulen+LPeu/2,LP,LP,NO,2,NO
20521,LPcamo+LPrz+RGcalen/3,LP,LP,RG,3,NO
20522,ACcrlep+UMhulen+CMdylen/3,LV,CM,NO,3,NO
20523,LPcamo+LPrz+RGcalen/3,LP,LP,NO,3,NO
20524,LPrz+LVvrlen/3,LP,LV,NO,3,NO
20525,H2O,PH,CM,NO,2,NO
20526,ZU,LV,PH,NO,1,NO
20527,CMsklep+CMcrlen+LVcrlen/2R,CM,CM,LV,2,NO
20528,PHhulen+CMeulen/2,LP,LP,NO,2,NO
20529,LPrz+LPcali/2,LP,LP,NO,2,NO
20530,ZU,LV,LP,NO,2,NO
20531,RGeulen+LPeu/2,RG,LP,NO,2,NO
20532,RGcalep+LPeu+LPrz/2,LV,LP,LP,2,NO
20533,RGdy+CMdylen+LPdy/1,LV,UM,LP,2,NO
20534,CMcalen+PHcalep/2,LP,CM,NO,2,NO
20535,LVcrhu+LPca/3,LV,LP,NO,2,NO
20536,LVcrlen+LPeu+CMcrlen/3,LP,LP,CM,3,NO
20537,LPcali+LPrz/2,LP,LP,NO,2,NO
20538,LVapccw+PHlv+RGcalep/2,LV,PH,NO,2,NO
20539,FLeu/1,VR,NO,NO,3,NO
20540,PHlen+CMeulen+RGeulen/2,LP,LP,NO,2,NO
20541,LVpfhu+CMcrdy/2r,LV,CM,NO,2,r
20542,ZU,NA,NA,NO,NA,NO
20543,FLeu/1,CM,CM,NO,2,NO
20544,LVcrlen+CMcrlen/2,LV,CM,NO,2,NO
20545,LPcali+LPrz+PHcalep/2,RG,LP,NO,2,NO
20546,RGeulen/2,RG,RG,NO,2,NO
20547,PHlen+CMeulen+RGeulen/2,PH,LP,NO,2,NO
20548,LPcali+LPrz+PHcalep/2,LP,LP,NO,2,NO
20549,VRcr+FLeu/3,PH,LP,NO,2,NO
20550,LPeu+RGca/2,LV,RG,NO,3,NO
20551,RGcalen/2,RG,NO,NO,2,NO
20552,VRcr/3,VR,LP,NO,2,NO
20553,CMrody+ACcrlen/2,CM,UM,NO,3,NO
20554,ACcrlen+AChulen/2,LV,LV,NO,2,NO
20555,ZU,NA,NA,NO,NA,NO
20556,VRmzcc+FLeu/3,VR,LP,NO,2,NO
20557,PHphlv+VRcaskn/2,PH,VR,NO,2,NO
20558,PHcalen+RGeulep/2r,PH,NO,NO,2,r
20559,ZU,AC,NO,NO,2,NO
20560,RGcalen/2,RG,NO,NO,3,NO
20561,LPca+RGcalep/2,LP,NO,NO,3,NO
20562,LVcrlen+LPeu+CMcrlen/3,LV,LP,NO,3,NO
20563,LVcrccw+CMcalen/2R,LP,CM,NO,2,NO
20564,LPrz+LPeuli/3,LP,LP,NO,3,NO
20565,ZU,LV,LP,NO,2,NO
20566,LVcrdy/3,LV,CM,NO,2,NO
20567,LPrz+LPcali+VRcalep/3,LP,LP,NO,3,NO
20568,LPrz+LPeuli/3,LP,RG,NO,2,NO
20569,RGeulen+RGarlep+LPeuli/2,RG,RG,LP,2,NO
20570,ZU,LV,LP,NO,2,NO
21001,ZU,NA,NA,NO,1,NO
21002,RGeu+PHha/1,PH,RG,NO,2,NO
21003,RGeule+LPeuli/2,LP,LP,NO,2,NO
21004,ZU,NA,NA,NO,2,NO
21005,PHle+RGeu+LPeuli/2,PH,RG,LP,2,NO
21006,LVhulep+RGeu+LVvr/2,LV,RG,LV,2,NO
21007,LPeuli+LPeuhu+RGeulep/2,LP,LP,NO,2,NO
21008,DUlvptn+ANeu/2,AN,AN,NO,2,NO
21009,LPeuli+LPeuhu+RGeulep/2,LP,LP,RG,2,NO
21010,FLca/1R,LP,RG,NO,2,NO
21011,LPrz+RGcale+LPcali/2,LP,LP,NO,2,NO
21012,ZU,NA,NA,NA,NA,NA
21013,LPrz+VRpepc+LPcali/2,LP,VR,NO,2,NO
21014,LVhulep+RGeu+LVvr/2,LV,RG,LV,2,NO
21015,ZU,LP,LP,NO,1,NO
21016,LVhulep+RGeu+LVvr/2,LV,RG,LV,2,NO
21017,ANlen+RGeu+LVcr/2,AN,RG,LV,2,NO
21018,LPrz+PHcalep+LPcali/2,LP,LP,NO,2,NO
21019,FLeu+PHha/1,FL,LP,NO,1,NO
21020,ZU,LP,LP,LP,2,NO
21021,LPeuli+LPrz/2,LP,LP,NO,2,NO
21022,FLeu+RGarle+AReupr/1R,LP,RG,NO,2,NO
21023,AReu+ANeu/1,AR,AN,NO,1,NO
21024,RGeule+LPeuli/2,RG,LP,NO,2,NO
21025,RGeu+PHha/1,RG,PH,NO,2,NO
21026,AReu+LPeuli/1r,AR,CM,NO,1,r
21027,LPcali+LPrz/2,LP,LP,NO,2,NO
21028,LVhulep+RGeu+LVvr/2,LV,RG,LV,2,NO
21029,LPdyli+RGdy/2,LP,RG,NO,2,NO
21030,LPcali+LPli+AChu/2,LP,LP,AC,2,NO
21031,RGcale+LPeuli/1,LP,LP,NO,2,NO
21032,LPeuli+LPrz/2,LP,LP,NO,2,NO
21033,PHle+RGeu+LPeuli/2,PH,RG,NO,2,NO
21034,ZU,NA,NA,NA,NA,NA
21035,ZU,LP,RG,NO,1,NO
21036,LVcrlen+CMcrdy/3R,LV,RG,NO,2,NO
21037,LPcali+LPrz/2,LP,LP,NO,2,NO
21038,CHphcc+CLlv/2,CH,CL,NO,2,NO
21039,LVlen+PHha+LPeuli/2,LV,PH,LP,2,NO
21040,PHlv+VRmzpe/2,LP,LP,NO,2,NO
21041,VRpemz+FLeu/3,VR,FL,NO,3,NO
21042,LPeuli+RGeu/2,LP,LP,NO,2,NO
21043,LPli+PHcalep+RGeuli/2,AN,PH,NO,2,NO
21044,ZU,LP,RG,NO,2,NO
21045,ZU,RG,NA,NO,1,NO
21046,PHcalep+LPrz/2,PH,LP,NO,2,NO
21047,ZU,LP,LP,NO,2,NO
21048,LPeuli+RGeu/2,AR,RG,LP,1,r
21049,ANhu+AChu/2,AN,AN,NO,2,NO
21050,LPeuli+LPrz/2,AN,AN,NO,2,NO
21051,GYha/2,LP,LP,NO,2,NO
21052,LPrz/3,LP,LP,NO,2,NO
21053,H2O,NA,NA,NO,2,NO
21054,ANlen+RGeu+LVcr/2,AN,RG,NO,2,NO
21055,RGeulep+LPeu+LPeuli/2,RG,LP,NO,2,NO
21056,RGeule+LPeuli/2,RG,LP,NO,2,NO
21057,PHvrlep+LVcr/3,LV,LV,NO,3,NO
21058,ANdylen+ANum/2,AN,AN,NO,2,NO
21059,LPeuli+LPeuhu+RGeulep/2,LP,LP,NO,2,NO
21060,AReu+CMeu+LPeu/1r,AR,CM,LP,1,R
21061,LVcrlen+CMcrdy/3R,LV,CM,NO,3,R
21062,LPeuli+LPeuhu+RGeulep/2,LP,LP,NO,2,NO
21063,PHha+LPeu/1,PH,LP,NO,1,NO
21064,VRpe/3,VR,CM,NO,3,NO
21065,ZU,NA,LP,NO,2,NO
21066,PHca+LPrz/2r,LP,LP,NO,2,NO
21067,ZU,NA,NA,NA,1,NO
21068,LPcali+LPli+AChu/2,LP,LP,AC,2,NO
21069,GYha/2,LP,LP,NO,2,NO
21070,LPrz/3,LP,LP,NO,2,NO
21071,H2O,NA,NA,NO,2,NO
21072,LPli+PHcalep+RGeuli/2,LP,PH,RG,2,NO
21073,LPhum+LPmo+LPeuli/2,LP,PH,NO,2,NO
21074,ZU,AR,RG,NO,1,NO
21075,RGeu+PHha/1,AN,AN,NO,2,NO
21076,RGeu+PHha/1,RG,PH,NO,2,NO
21077,LPcali+LPli+AChu/2,LP,LP,AC,2,NO
21078,ANumlep+LVcrdy+RGdy/2,AN,LV,NO,2,NO
21079,ZU,LP,LP,NO,2,NO
21080,LPdyli+RGdy/2,LP,RG,NO,2,NO
21081,LPeuli+LPrz/2,LP,LP,NO,2,NO
21082,H2O,LP,LP,NO,3,R
21083,PHdup+LPeuli/2,PH,LP,NO,2,NO
21084,LVhulep+RGeu+LVvr/2,LV,RG,LV,2,NO
21085,LPeuli+LPrz/2,LP,LP,NO,2,NO
21086,VRpeskp+FLca/3R,PH,RG,NO,3,NO
21087,RGcale+LPeuli+LPrz/2,LP,LP,NO,2,NO
21088,LPli+PHcalep+RGeuli/2,LP,PH,NO,2,NO
21089,LPli+PHcalep+RGeuli/2,LP,AC,NO,2,NO
21090,PHha+FLeu/2,PH,FL,NO,1,NO
21091,LVcrdy+ANum/2,NA,AN,NO,2,NO
21092,VRmzpe+LPrz/3R,VR,LP,NO,3,R
21093,ZU,AN,NA,NA,2,NO
21094,ZU,LP,RG,NO,1,NO
21095,RGcale+LPeuli/3,LP,LP,NO,2,NO
21096,PHca+RGca+CMeucr/2,SC,RG,NO,2,NO
21097,CHphcc+CLlv/2,CL,LP,NO,2,NO
21098,ZU,LP,LP,NO,2,NO
21099,ZU,LP,LP,NO,2,NO
21100,CMdylen+RGdy/2,CM,RG,NO,2,NO
21101,LPeuli+RGeu/2,LP,RG,NO,2,R
21102,AReu+CMeu/1r,AR,CM,NO,1,r
21103,PHcalep+LPrz/2,PH,LP,NO,2,NO
21104,ZU,NA,NO,NO,1,NO
21105,RGeulep+LPeuli/1,LP,RG,NO,1,NO
21106,RGeule+CMeu/1,RG,LP,NO,2,NO
21107,LPli+PHcalep+RGeuli/2,LP,PH,RG,2,NO
21108,ZU,RG,SC,NO,2,NO
21109,CMdylen+RGdy/2,CM,RG,NO,2,NO
21110,LPcali+LPrz/2,LP,LP,NO,2,NO
21111,ZU,VR,RG,NO,3,NO
21112,ZU,LP,LP,NO,2,NO
21113,VRmzcr+VRmzpe/3,LP,LP,NO,2,NO
21114,VRpepd/3,VR,LP,NO,1,NO
21115,ZU,RG,CL,NO,2,NO
21116,ANdylen+ANum/2,AN,AN,NO,2,NO
21117,FLeu/1,FL,NO,NO,1,NO
21118,ZU,NA,NA,NO,2,NO
21119,ZU,NA,NA,NO,1,NO
21120,LPeuli+RGeulep/2,LP,RG,NO,2,NO
21121,PHcale+LPrz/2,LP,LP,NO,3,NO
21122,PHha+LVar+FLeu/1r,PH,RG,FL,1,NO
21123,LPli+PHcalep+RGeuli/2,LP,PH,RG,2,NO
21124,RGcalep+LPcali/1,LP,LP,NO,2,NO
21125,ZU,NA,CM,NO,1,NO
21126,FLeusk+AReu/1r,AR,CM,NO,1,NO
21127,ZU,LP,LP,NO,2,NO
21128,H2O,SC,NA,NO,1,NO
21129,LPrz+VRpepc+LPcali/2,LP,RG,NO,2,NO
21130,RGca+CLha/1,RG,PH,NO,1,NO
21131,VRpepc+LPrz/3,LP,LP,NO,2,NO
21132,ZU,NA,NA,NO,1,NO
21133,VRpeca+PHlv+PHha/3,VR,PH,PH,3,NO
21134,LPdyli+DUptp+RGdy/2,DU,DU,NO,2,NO
21135,RGeulep+LPeu+LPeuli/2,RG,LP,NO,2,NO
21136,ZU,NA,NA,NA,NA,NA
21137,ZU,RG,RG,NO,1,NO
21138,LPdyli+ARdy/1,AR,CM,NO,1,NO
21139,PHle+RGeu/2,PH,RG,NO,2,NO
21140,ZU,AR,AR,NO,1,NO
21141,LPeuli+LPeuhu+RGeulep/2,RG,LP,NO,2,NO
21142,ZU,NA,NA,NO,2,NO
21143,ANhuusk+LPdyli/2R,CM,AR,NO,1,NO
21144,CLha+KSha/2,CL,KS,NO,2,NO
21145,LVdyhu+VRmzcr/3R,LV,VR,NO,3,R
21146,LPrz/3,LP,LP,NO,2,NO
21147,LPeuli+LPeuhu+RGeulep/2,LP,LP,RG,2,NO
21148,FLeusk+AReu/1r,PH,AR,NO,1,NO
21149,PHcalep+LPrz/2,LP,PH,NO,2,NO
21150,LPrz+LPcali/2,LP,LP,NO,2,NO
21151,ZU,NA,LP,NO,2,NO
21152,DUeuptn+CMeu+LPeuli/1,DU,CM,NO,1,NO
21153,ZU,LP,LP,NO,2,NO
21154,ZU,NA,NA,NO,2,NO
21155,ZU,LP,LP,NO,2,NO
21156,ZU,LP,LP,NO,2,NO
21157,LPeuli+RGeu/2,LP,RG,NO,2,NO
21158,RGeu+PHha/1,RG,PH,NO,2,NO
21159,VRpele+PHca/3,LP,LP,NO,2,NO
21160,GYha/2,GY,NO,NO,2,NO
21161,ZU,LP,LP,NO,2,NO
21162,LVhulep+RGeu+LVvr/2,LV,RG,LV,2,NO
21163,ZU,AR,FL,NO,1,R
21164,ZU,NA,NA,NA,NA,NO
21165,PHle+RGeu+LPeuli/2,PH,RG,LP,2,NO
21166,GYha/2,LP,LP,NO,2,NO
21167,LVhulep+RGeu+LVvr/2,LV,PH,LV,2,NO
21168,LPrz+LPcali/2,LP,PH,NO,2,NO
21169,LPcali+LPrz/2,LP,LP,NO,2,NO
21170,ZU,LP,RG,NO,1,NO
21171,CHha+LPrz+VRmzpe/2R,LP,LP,NO,2,NO
21172,LVhulep+RGeu+LVvr/2,LV,RG,LV,2,NO
21173,ANlen+RGeu+LVcr/2,AN,RG,LV,2,NO
21174,RGeu+PHha/1,AN,AN,NO,2,NO
21175,RGeulep/1,AR,NO,NO,1,NO
21176,GYha/2,LP,LP,NO,2,NO
21177,ZU,LP,LP,NO,2,NO
21178,PHlep+RGeu+LPli/3,LV,CM,NO,3,NO
21179,ZU,NA,NA,NA,NA,NO
21180,DUptp/2,AN,NO,NO,2,NO
21181,AReu+PHha+CMeu/1R,AR,PH,CM,1,R
21182,ZU,RG,LP,NO,2,NO
21183,AChu+ANhu/2,PH,AN,NO,2,NO
21184,LPli+PHcalep+RGeuli/2,LP,LP,AC,2,NO
21185,GYha/2,LP,NO,NO,2,NO
21186,ZU,AN,NO,NO,2,NO
21187,LVhu+CMhu+LPdyli/3,LV,CM,LP,3,NO
21188,FLeu+RGarle+AReupr/1R,RG,RG,NO,1,NO
21189,ZU,NA,LP,NO,2,NO
21190,LPeuli+LPmo/2,LP,LP,NO,2,NO
21191,FLca+VRcr/3r,LP,LP,NO,3,NO
21192,LPli+PHcalep+RGeuli/2,LP,PH,NO,2,NO
21193,LPrz+PHca/2,LP,LP,NO,2,NO
21194,ZU,VR,RG,NO,3,NO
21195,PHhulep+LPeuli+LVlep/2,LP,RG,NO,2,NO
21196,RGeulep+LPeu+LPeuli/2,RG,LP,LP,2,NO
21197,ZU,AC,AC,NO,2,NO
21198,LPeuli+LPeuhu+RGeulep/2,LP,LP,NO,2,NO
21199,RGeulen+LPeuli/1,AN,AN,NO,2,NO
21200,ANum/2,AN,RG,LV,2,NO
21201,LPeuli+LPeuhu+RGeulep/2,LP,LP,NO,2,NO
21202,LVhulep+PHsow+LVvr/2R,AN,RG,NO,2,NO
21203,LPcali+LPrz/2,LP,LP,NO,2,NO
21204,ANlen+RGeu+LVcr/2,AN,AN,NO,2,NO
21205,ZU,LP,LP,NO,2,NO
21206,LPrz/3,LP,LP,NO,2,NO
21207,ANhuulen+ANdy+LVcrdy/2,AN,RG,LV,2,NO
21208,DUlvptn+ANeu/2,AN,AN,NO,2,NO
21209,LPcali+LPrz/2,LP,LP,NO,2,NO
21210,LPdyli+RGdy/2,LP,RG,NO,2,NO
21211,ANlv/2,AN,NO,NO,2,NO
21212,AReu+RGeu+PHha/1R,PH,RG,LV,2,NO
21213,FLskpca+VRpe/1R,AC,AC,NO,2,NO
21214,LPcali+RGcalep/1,LP,RG,NO,1,NO
21215,LVhulep+RGeu+LVvr/2,LV,RG,NO,2,NO
21216,LPli+PHcalep+RGeuli/2,LP,PH,NO,2,R
21217,LPeuli+RGeulep/2,LV,RG,NO,2,NO
22001,H2O,PH,NA,NO,2,NO
22002,LPcali+LPcarz/2,LP,LP,NO,2,NO
22003,ZU,LP,LP,NO,3,NO
22004,ZU,LP,LP,NO,2,NO
22005,H2O,LP,PH,NO,2,R
22006,H2O,VR,NA,NA,3,R
22007,H2O,VR,VR,NO,3,NO
22008,H2O,NA,NA,NO,3,R
22009,PHha+LPca/3r,LP,LP,NO,3,NO
22010,LVcrhu+LPcarz+LPcali/3,LP,LP,NO,3,NO
22011,H2O,VR,PH,NO,3,R
22012,H2O,VR,NA,NO,3,R
22013,ZU,LP,LP,NO,2,NO
22014,ZU,VR,PH,NO,3,R
22015,LPcali+LPcarz/2,LP,LP,NO,2,NO
22016,H2O,NA,NA,NA,NA,NA
22017,ZU,NA,NA,NO,NA,NA
22018,LVctlen/3R,LP,LP,NO,2,NO
23001,H2O,NA,NA,NO,1,NO
23002,H2O,NA,NA,NA,NA,NO
23003,H2O,NA,NA,NO,1,NO
23004,LPhurz+LPhuli/3,LP,LP,NO,3,NO
23005,H2O,NA,NA,NA,NA,NO
23006,ZU,LP,LP,NO,3,NO
23007,H2O,NA,NA,NO,3,NO
23008,H2O,NA,NA,NA,NA,NA
23009,H2O,NA,NA,NO,2,NO
23010,H2O,NA,NA,NO,3,NO
23011,GLcamo/3,NA,NA,NO,NA,NO
24001,PHskpcp+CLskptp/2r,LP,LP,NO,2,NO
24002,LPcarz+LVhulep/3R,LP,NO,NO,3,R
24003,H2O,LP,LP,NO,3,NO
24004,LPcarz/2r,LP,NO,NO,3,NO
24005,H2O,LP,LP,NO,2,NO
24006,H2O,LP,LP,NO,2,r
24007,ZU,LP,LP,NO,2,r
24008,LPhurz/3,LP,LP,NO,2,NO
24009,H2O,LP,LP,NO,2,NO
24010,ZU,LP,NO,NO,2,R
24011,PHskca+FLcamo/2R,PH,FL,NO,2,NO
24012,LPdyrz+LPdyli/2,LP,PH,NO,2,NO
24013,VRmzpe/3,LP,LP,NO,3,NO
24014,LPdyrz+LPdyli/2,LP,LP,NO,2,NO
24015,H2O,LP,LP,NO,2,r
24016,H2O,VR,NA,NO,3,NO
24017,ZU,LP,LP,NO,2,NO
24018,LPdyrz/2,LP,LP,NO,2,NO
24019,ZU,LP,LP,NO,3,NO
24020,ZU,LP,LP,NO,2,NO
24021,H2O,NA,NA,NO,2,NO
24022,H2O,LP,LP,NO,2,NO
24023,ZU,LP,LP,NO,3,NO
24024,ZU,LP,LP,NO,2,NO
24025,H2O,LP,LP,NO,2,r
24026,LPdyrz+LPdyli/2,LP,PH,NO,2,NO
24027,ZU,LP,LP,NO,2,NO
24028,H2O,NA,NA,NO,2,NO
24029,PHha/3,LP,PH,NO,3,NO
24030,LPhurz/3,LP,LP,NO,2,NO
24031,LPcamo+LPhuli/3,LP,LP,NO,3,NO
24032,RGsklep/2R,PH,NO,NO,2,R
24033,H2O,NA,NA,NO,2,NO
24034,H2O,VR,PH,LP,3,NO
24035,LPli+LPmo/2R,LP,LP,NO,2,NO
24036,LPcali+LPcarz+LVhulep/3R,LP,LP,NO,3,NO
24037,LPdyrz+LPdyli+RGdylep/2,LP,LP,NO,3,NO
24038,H2O,LP,LP,NO,3,NO
24039,ZU,PH,PH,NO,3,NO
24040,H2O,VR,NA,NO,3,NO
24041,H2O,VR,PH,NO,3,NO
24042,FLskca+CMcahu/1R,VR,PH,NO,3,NO
24043,H2O,NA,NA,NA,2,R
24044,CLptp/2r,LP,NO,NO,2,R
24045,H2O,LP,LP,NO,2,r
24046,H2O,NA,NA,NA,NA,NA
24047,LPcali+LPcarz/2R,LP,LP,NO,2,r
24048,LPskrz+LPcali+LPcask/2R,LP,LP,NO,2,r
24049,H2O,NA,NA,NO,2,NO
24050,H2O,NA,NA,NO,2,NA
24051,H2O,LP,LP,NO,2,r
24052,ZU,LP,LP,NO,2,R
24053,LPdyrz+LPdyli/2,LP,LP,NO,2,NO
24054,LPdyli+LPdyrz+LVaplep/3,LP,LP,NO,3,NO
24055,LPli+LPmo/2R,LP,LP,NO,2,R
24056,CLlvptp+CLcrptp/2,LP,LP,NO,2,R
24057,LPdyrz+LPdyli/2,LP,LP,NO,2,NO
24058,VRmzpe/3,LP,LP,NO,3,R
25001,H2O,NA,NA,NO,NA,NO
25002,H2O,SC,NA,NO,1,NO
25003,LPmosk/2R,LP,NO,NO,2,R
25004,LPeuli+LPeu/2,LP,LV,NO,2,NO
25005,PHsklep+RGsklep/2R,PH,LP,NO,2,R
25006,H2O,NA,NA,NO,2,NO
25007,FLeusk/1r,RG,PH,NO,1,r
25008,H2O,PH,NA,NO,2,NO
25009,H2O,NA,NA,NO,2,NO
25010,ZU,RG,PH,NO,2,NO
25011,H2O,NA,NA,NA,NA,NO
25012,H2O,LP,RG,NO,2,NO
25013,ZU,LP,PH,NO,2,NO
25014,H2O,LV,LV,NO,2,NO
25015,ZU,VR,VR,NO,3,NO
25016,H2O,PH,LP,NO,2,NO
25017,ZU,RG,RG,NO,2,NO
25018,H2O,NA,NA,NA,NA,NO
26001,RGskpca+PLcaskp+VRcaskp/2R,RG,NO,NO,1,R
26002,LPskli+LPeusk+RGsklep/2R,RG,LP,NO,2,R
26003,LPskli+LPeusk+RGeulep/1R,RG,PH,NO,2,R
26004,LPskli+LPeusk+RGsklep/2R,RG,RG,NO,2,NO
26005,RGcalep+VRcalep/2R,LP,LP,NO,2,R
26006,PHlep+LPeuli+RGeulep/2,RG,LP,LP,2,NO
26007,LPeuli+RGeulep+LPeu/1,RG,RG,LP,1,NO
26008,LPskli+PHsklep/2R,LP,LP,NO,2,R
26009,LPcali+LPcask+LPskrz/2R,LP,LP,NO,2,R
26010,PHskp+VRcrskp+LPskli/3R,PH,LP,LP,1,NO
26011,PHlep+LPeuli+LPmo/2,RG,LP,NO,2,NO
26012,H2O,VR,VR,NO,2,R
26013,RGskpca/1R,LP,RG,NO,1,R
26014,LPskli+RGsklep/1R,LP,RG,NO,1,R
26015,H2O,NA,NA,NA,2,NO
26016,VRcrskp/3R,RG,LP,NO,2,NO
26017,LPskli+LPeu+RGeusk/1R,LP,RG,NO,1,NO
26018,H2O,LP,LP,NO,2,R
26019,H2O,LP,LP,NO,2,NO
26020,LPskli+RGsklep/1R,LP,RG,NO,1,R
26021,LPeusk+RGeulep/2R,LP,RG,NO,2,R
26022,RGeulep+LPeuli+LPeu/2,LP,LP,LP,2,NO
26023,PHlep+RGeulep+LPeuli/2,RG,LP,NO,2,R
26024,RGeulep+LPskli/2,RG,LP,NO,2,R
26025,ZU,LP,LP,NO,2,NO
26026,ZU,NA,NA,NO,NA,NO
26027,RGeuskp+RGskpca+LVskp/2R,RG,RG,RG,2,R
26028,VRcrskp+VRsowca/3R,RG,LP,NO,2,R
26029,LPeusk+RGeulep/1R,LP,RG,NO,2,R
26030,LPeusk+RGeulep/1R,LP,RG,NO,1,R
26031,CLye+RGyeca/2,LP,RG,LP,2,NO
26032,RGeulep+LPeuli+PHlep/2,RG,LP,NO,2,R
26033,H2O,NA,NA,NO,NA,NO
26034,FLeuskp/1R,RG,NO,NO,1,R
26035,RGeuskp/1R,RG,LP,NO,2,NO
26036,RGeulep+LPeuli+LPeu/2,RG,LP,NO,2,r
26037,LPcask+RGcalep/2r,LP,RG,NO,2,r
26038,RGskpca+FLskpca/1R,RG,LP,NO,1,R
26039,RGcaskp+CLlep/2R,LP,LP,NO,2,R
26040,PHsklep+LPskli/2R,RG,LP,NO,2,R
26041,H2O,RG,LP,RG,2,NO
26042,ZU,VR,LP,NO,2,R
26043,LPskli+LPeusk+RGsklep/2R,RG,LP,LP,2,R
26044,LPskli+LPeusk/2R,LP,LP,NO,2,R
26045,LPskli+RGsklep/1R,LP,RG,NO,1,R
26046,LPeuli+RGeulep+LPeu/1,LP,RG,NO,1,NO
26047,LPskli+RGeulep/1R,LP,RG,NO,1,R
26048,LPskli+LPeusk+LPcask/1,LP,LP,LP,1,NO
26049,PHsklep+RGeuskp/2R,PH,LP,NO,2,R
26050,FLeuskp/1R,RG,NO,NO,1,R
26051,LPskli+LPeusk/2R,LP,LP,NO,2,R
26052,PHsklep+RGeulep/2R,LP,LP,NO,2,R
26053,RGeulep+PHsklep+LPskli/1R,RG,RG,NO,1,R
26054,RGeulep+LPeusk+LPskli/2R,RG,LP,NO,2,R
26055,LPskli+LPcask+RGcalep/1,LP,LP,NO,1,NO
26056,RGeuskp/1r,RG,RG,NO,1,R
26057,FLeuskp/1R,LP,LP,NO,2,R
26058,RGeulep+LPeuli+LPeu/2,RG,RG,NO,2,NO
26059,PHha+PHskn+FLeu/2,RG,PH,RG,2,R
26060,LPskli+RGsklep+LPmosk/2R,RG,RG,NO,2,R
26061,LPskli+LPeusk+RGeulep/2R,RG,LP,NO,2,R
26062,RGcalep+LPcask+LPcali/2R,RG,LP,NO,2,R
26063,FLeuskp/1R,RG,LP,NO,1,R
26064,LPeuli+RGeulep+LPeu/1,RG,RG,NO,1,NO
26065,RGeulep+LPeuli+LPeu/1,RG,RG,NO,1,r
26066,RGeulep/1,RG,RG,NO,1,R
26067,H2O,RG,LP,LP,2,NO
26068,LPskli+LPeusk+RGeulep/2R,RG,LP,NO,2,R
26069,PHsklep+RGeulep/2R,LP,LP,NO,2,R
26070,LPskli+LPeusk+LPcask/1,RG,LP,NO,1,NO
26071,ZU,NA,NA,NO,NA,NO
26072,H2O,SC,SC,NO,3,NO
27001,H2O,NA,NA,NA,NA,NA
27002,ZU,NA,NA,NO,3,NO
27003,H2O,NA,NA,NA,NA,NA
27004,H2O,NA,NA,NA,NA,NA
27005,H2O,GL,GL,NO,3,NO
27006,H2O,GL,GL,NO,3,NO
27007,H2O,NA,NA,NA,NA,NA
27008,ZU,GL,GL,NO,3,NO
27009,GLhuvr+LVhu/3,GL,LV,NO,3,NO
27010,H2O,NA,GL,NA,NA,NO
27011,H2O,NA,NA,NA,NA,NA
27012,H2O,NA,NA,NA,NA,NA
27013,H2O,NA,NA,NA,NA,NO
27014,H2O,NA,NA,NO,NA,NO
27015,LVvrlen+LVcrlep/3,LV,AC,NO,3,NO
27016,GLeu+GLhu+FLgl/1,GL,GL,NO,3,NO
27017,H2O,NA,NA,NA,3,NO
28001,ZU,VR,CL,NO,2,NO
28002,H2O,PH,NA,NO,2,NO
28003,H2O,NA,NA,NO,NA,NO
28004,H2O,LP,NA,NO,3,R
28005,H2O,LP,LP,NO,2,NO
28006,LPcali+LPcarz/2R,LP,CL,NO,2,NO
28007,ZU,CL,CL,NO,2,NO
28008,H2O,VR,RG,NO,3,NO
28009,H2O,NA,NA,NA,NA,NA
28010,LPrz+KSpcp/2,LP,LP,NO,2,NO
28011,ZU,VR,CH,NO,3,NO
28012,H2O,NA,NA,NA,NA,NA
28013,ZU,VR,VR,NO,3,NO
28014,H2O,CL,CL,NO,2,NO
28015,CLha/2,CL,CL,NO,2,NO
28016,ZU,NA,VR,NO,3,NO
28017,RGsklep+LPskrz/2R,LP,LP,NO,2,NO
28018,H2O,LP,LP,NO,2,NO
28019,ZU,PH,RG,NO,2,NO
28020,LPeusk+RGsklep/2r,VR,LP,NO,3,NO
28021,ZU,NA,NA,NO,3,NO
28022,H2O,NA,NA,NA,NA,NA
28023,H2O,KS,NO,NO,2,NO
28024,H2O,CL,CL,NO,2,NO
28025,CLha/2,CL,CL,NO,2,NO
28026,CMca+CLptp+PHcalep/2,CM,LP,NO,2,NO
28027,H2O,CL,CL,NO,2,NO
28028,ZU,LP,LP,NO,3,R
28029,VRmzpe/3,LP,LP,NO,3,NO
28030,VRszwca/3,VR,VR,NO,3,NO
28031,LPhurz+LPhuli+LPcask/2,LP,LP,NO,2,NO
28032,H2O,KS,NO,NO,2,NO
28033,ZU,NA,NA,NO,3,NO
28034,H2O,LP,LP,NO,2,NO
28035,H2O,NA,NA,NO,NA,NO
28036,CHlep+CHlvlen+LPrz/2,LP,CH,NO,2,NO
28037,H2O,NA,NA,NO,2,NO
28038,H2O,NA,NA,NA,NA,NA
28039,LPcali+LPcask/2R,LP,LP,NO,2,NO
28040,ZU,NA,NA,NA,NA,NO
28041,H2O,VR,VR,NO,3,NO
28042,H2O,VR,VR,NO,3,NO
28043,H2O,VR,PH,NO,3,NO
29001,PHlvpdn+DUeu+RGeu/2,CM,DU,NO,2,NO
29002,CMeusk+AReu/1r,CM,DU,NO,2,NO
29003,PHlep+LPeuli/2,PH,LP,NO,2,NO
29004,LPeuli+RGeu+PHha/1R,LP,RG,PH,1,NO
29005,VRpemz+PHha/3,DU,PH,NO,2,NO
29006,PHpdn+DUeu/2,PH,DU,NO,2,NO
29007,LPeuli+PHha+RGeu/2,LP,PH,NO,2,NO
29008,RGeu+RGca/1,RG,RG,NO,1,NO
29009,DUptp+FLeu+PHha/2,DU,AR,NO,2,NO
29010,CMeusk+AReu/1r,CM,AR,NO,1,NO
29011,H2O,PH,NA,NO,2,NO
29012,PHpdn+DUeu/2,DU,DU,NO,2,NO
29013,ZU,RG,RG,NO,1,NO
29014,H2O,PH,NA,NO,2,NO
29015,DUptp/2,DU,NO,NO,2,NO
29016,PHha+FLeu+VRcr/1,RG,FL,NO,1,NO
29017,CMeu+FLeu/1r,CM,FL,NO,1,r
29018,CMeulep+LPeuli/2,CM,AR,NO,1,r
29019,ZU,PH,NA,FL,1,r
29020,ZU,NA,NA,NO,2,NO
29021,PHpdn+DUeu/2,PH,DU,NO,2,NO
29022,CMeu+FLeu/1r,CM,FL,NO,1,r
29023,CMeulep+LPeuli/2,CM,LP,NO,2,NO
29024,CMeu+RGeu/2,CM,RG,NO,2,NO
29025,DUeuptp+LPeuli/1,DU,LP,NO,1,NO
29026,CMeulep+LPeuli/2,CM,AR,NO,2,NO
29027,VRpemz+FLeu/3,VR,FL,NO,1,NO
29028,RGeulep+LPeuli+ANmolen/1,RG,LP,NO,1,r
29029,H2O,CM,NA,NO,1,r
29030,ZU,PH,NO,NO,1,NO
29031,PHlep+LPeuli/2,PH,LP,NO,2,NO
29032,PHca+FLeu/2,CM,FL,NO,2,NO
29033,ZU,CM,NA,NO,NA,NA
29034,H2O,PH,LP,NO,2,NO
29035,DUptp+FLeu+PHha/2,DU,FL,PH,2,NO
29036,ZU,NA,NA,NO,2,NO
29037,LPeuli+RGeusk+CMeu/1R,RG,FL,NO,1,NO
29038,CMeulep+LPeuli/2,CM,LP,NO,2,NO
29039,PHpdn+DUeu/2,PH,DU,NO,2,NO
29040,DUptp+PHha/2,CM,DU,NO,2,NO
29041,ZU,NA,FL,NO,1,r
29042,ZU,NA,FL,NO,1,NO
29043,DUptp+PHha/2,DU,PH,NO,2,NO
29044,ZU,NA,FL,NO,NA,NA
29045,ZU,PH,NA,NO,2,NO
29046,PHlen+RGeu/2,PH,LP,NO,2,NO
29047,ANumlen+LPdyli+LVcrdy/2,PH,LP,NO,2,NO
29048,CMeusk+AReu/1r,CM,AR,NO,1,r
29049,CMeulep+LPeuli/2,CM,LP,NO,2,NO
29050,RGeulep+LPeuli+ANmolen/1,RG,LP,AN,1,NO
29051,PHca+FLeu/2,PH,FL,NO,2,NO
29052,LPeuli+RGeu/2,LP,RG,NO,2,NO
29053,PHca+FLeu/2,PH,FL,NO,2,NO
29054,PHca+FLeu/2,PH,FL,NO,2,NO
29055,PHlep/2,PH,DU,RG,2,NO
29056,PHha+LVar+FLeu/1r,CM,LV,PH,1,r
29057,CMeulep+LPeuli/2,PH,LP,NO,2,NO
29058,CMeu+FLeu/1r,CM,FL,NO,1,r
29059,CMeu+FLeu/1r,CM,FL,NO,1,r
29060,H2O,CM,AR,NO,1,r
30001,ANumlep+ANphhum+LVhuap/2,AN,AN,NO,2,NO
30002,ANum+ANdy+LVdy/2R,AN,AN,LV,2,R
30003,ZU,VR,LV,NO,3,NO
30004,H2O,VR,PH,NO,3,R
30005,H2O,NA,NA,NA,NA,NA
30006,LVcr+VRmzcr/3,LV,VR,NO,3,NO
30007,ZU,NA,NA,NA,NA,NA
30008,ANumlen+ANdy+ACum/2R,AN,AN,AC,2,NO
30009,H2O,VR,PH,NO,2,NO
30010,LVskvr+CMcahu+LVccw/3R,AN,AN,LV,2,NO
30011,H2O,GL,NA,NO,3,NO
30012,H2O,GL,VR,NA,3,NO
30013,VRpehu+CMcahu+RGca/3,VR,CM,RG,2,NO
30014,ZU,NA,NA,NA,NA,NA
30015,H2O,NA,NA,NA,NA,NO
30016,H2O,NA,NA,NA,NA,NA
30017,VReupe+PHha+LPcahum/3R,LP,PH,LP,3,R
30018,ANdylep+ANumlep+LPrz/2,PH,LP,LP,2,NO
30019,LVcrlen+CMcrdy/3R,LV,CM,LP,3,R
30020,LVhuudyh+CMdy+RGdy/2,LV,CM,LP,2,NO
30021,ZU,NA,NA,NA,3,R
30022,ZU,AN,AN,NO,2,NO
30023,PHlep+VRpe/2,PH,CM,NO,2,NO
30024,PHha+VRpe+FLeu/2R,LP,VR,RG,2,R
30025,ANum/2,AN,NO,NO,2,NO
30026,ZU,PH,LV,NO,2,NO
30027,LVhustn+RGsknhu+LPeuhu/3,PH,RG,LP,3,NO
30028,H2O,NA,NA,NA,NA,NO
30029,LPeuli+RGeu/1,AN,AN,NO,1,NO
30030,VRmzcr+VRmzpe/3,VR,VR,NO,3,NO
30031,LPhum+RGeulep/2,LP,RG,NO,2,NO
30032,ZU,AN,AN,NO,2,NO
30033,RGca+PHca+CMca/2,VR,CM,NO,3,NO
30034,ZU,VR,CM,NO,3,NO
30035,VRcason+VRmzpe/3,VR,LP,NO,3,NO
30036,ANumlep+ANphhum+LVhuap/2,AN,AN,LV,2,R
30037,ZU,NA,PH,NO,2,NO
30038,ZU,LV,NA,NO,2,NO
30039,H2O,NA,NA,NA,NA,NO
30040,VRpe+VRcr/3,VR,VR,NO,3,NO
30041,VRmzcr+VRmzpe+CMvr/3R,VR,VR,CM,3,R
30042,LVskvr+CMcahu+LVccw/3R,PH,CM,NO,2,R
30043,LPeuli+PHha/2,PH,VR,NO,2,NO
30044,ZU,NA,NA,NA,NA,NA
30045,H2O,NA,NA,NA,NA,NO
30046,LPeuli+RGeu+LVha/2,AN,RG,LV,2,NO
30047,ZU,AN,AN,NA,2,NO
30048,H2O,NA,NA,NA,NA,NO
30049,LPmo+PHha+RGeulep/2,LP,PH,RG,2,NO
30050,RGskpca+PHca+CMca/2R,RG,PH,NO,2,NO
30051,RGskpca+PHca+CMca/2R,AC,PH,NO,3,NO
30052,ZU,NA,NA,NA,3,NA
30053,ZU,VR,LP,NO,3,NO
30054,H2O,NA,NA,NA,NA,NO
30055,VRmshu+PHhuvr/3,VR,PH,NO,3,NO
30056,LPcarz+VRhulep+PHca/3,LP,PH,NO,3,NO
30057,LVskvr+CMcahu+LVccw/3R,AN,AN,LV,2,R
30058,LPli+PHha/2,PH,PH,NO,3,NO
30059,ZU,LV,LV,NO,3,NO
30060,ZU,NA,CM,NA,2,NO
30061,H2O,LV,AC,NO,2,NO
30062,ANumlen+ANdy+ANca/2,AN,AN,NO,2,NO
30063,VRpehu+CMcahu+RGca/3,VR,CM,NO,3,NO
30064,RGskpca+PHca+CMca/2R,RG,PH,CM,2,NO
30065,ZU,VR,PH,NO,2,NO
30066,RGskpca+PHca+CMca/2R,RG,PH,NO,2,NO
30067,LPli+PHcalep+RGeuli/2,LP,PH,NO,2,NO
30068,ZU,NA,NA,NO,2,NO
30069,CMeu/2,VR,NO,NO,2,NO
30070,H2O,LV,NA,NO,2,NO
30071,LPeuli+PHha/2,LP,AN,NO,2,NO
30072,ZU,LV,RG,NO,2,NO
30073,ZU,VR,NA,NA,3,NO
30074,VRmzcr+VRmzpe/3,VR,VR,NO,3,NO
30075,H2O,NA,NA,NA,3,NO
30076,LVhustn+RGsknhu+LPeuhu/3,RG,RG,NO,2,NO
30077,H2O,NA,NA,NA,NA,NO
30078,VRpehu+CMcahu+RGca/3,VR,PH,NO,3,NO
30079,ANum/2,AN,NO,NO,2,NO
30080,ZU,AN,AN,NO,2,NO
30081,ZU,LP,LP,NO,2,NO
30082,H2O,GL,LV,NO,2,NO
30083,ZU,VR,RG,NO,3,NO
30084,H2O,VR,PH,NA,3,NO
30085,ZU,NA,NA,NO,3,NO
30086,ANum+ANdy+LVdy/2,AN,AN,NO,2,NO
30087,RGeu+PHlep/2,PH,PH,NO,2,NO
30088,LPeuli+RGeu+LVha/2,LP,RG,NO,2,NO
30089,H2O,NA,NA,NA,NA,NO
30090,VRmzpe+FLeu/3,VR,FL,NO,3,NO
30091,H2O,LV,LV,NO,2,NO
30092,ZU,AN,AN,NO,2,NO
30093,RGeu+PHlep/2,AN,PH,NO,2,NO
30094,ZU,NA,NA,NA,NA,NO
30095,ZU,PH,VR,LV,2,R
30096,LVskvr+CMcahu+LVccw/3R,AN,AN,LV,2,R
30097,H2O,NA,NA,NA,NA,NO
30098,LVcrlen+CMcrdy/3R,LV,CM,NO,3,R
30099,VRmzcr+VRmzpe/3,AN,AN,NO,2,NO
30100,ZU,PH,RG,VR,2,NO
30101,ZU,AN,AN,LP,2,NO
30102,ZU,PH,PH,NO,2,NO
30103,LPli+PHcalep+RGeuli/2,LP,PH,RG,2,NO
30104,ZU,AN,AN,RG,3,NO
30105,H2O,NA,NA,NA,NA,NA
30106,LVskvr+CMcahu+LVccw/3R,AN,AN,LV,2,R
30107,ANumlep+ANphhum+LVhuap/2,AN,AN,LV,2,NO
30108,H2O,LV,NA,NO,2,NO
30109,ZU,PH,VR,NO,2,NO
30110,LVcrlen+CMcrdy/3R,LV,CM,NO,3,R
30111,LVplp+LVcrdy/2,LV,LV,NO,2,NO
30112,ANum+ANdy+LVdy/2R,AN,AN,LV,2,R
30113,VRmzcr+VRmzpe+CMvr/3R,VR,VR,CM,3,NO
30114,VRpeskp+PHha/3R,VR,NO,NO,3,NO
30115,VRmzcr+VRmzpe/3,VR,VR,NO,2,NO
30116,ZU,NA,NA,NO,NA,NO
30117,LPcali+LPrz/3,LP,LP,NO,3,NO
30118,ZU,LP,LP,NO,2,NO
30119,H2O,NA,NA,NA,NA,NA
30120,ZU,NA,NA,NA,NA,NA
30121,H2O,VR,NA,NO,3,NO
30122,H2O,NA,NA,NA,3,NO
30123,H2O,NA,NA,NO,3,NO
30124,VRpe+CMvr/3,VR,PH,NO,3,NO
30125,LPmo+PHha+RGeulep/2,LP,PH,RG,2,NO
30126,ZU,VR,NA,NA,3,NO
30127,ANdy+ANum+LPum/2,AN,AN,NO,2,NO
30128,ZU,NA,NA,NO,2,NO
30129,VRmzpe+PHca/3,VR,PH,NO,3,NO
30130,ZU,LV,NA,NO,2,NO
30131,VRmzca+CMvr/3,PH,CM,NO,3,NO
30132,ANumlep+ANphhum+LVhuap/2,AN,AN,NO,2,NO
30133,H2O,NA,NA,NO,3,NO
30134,PHha+VRpe+FLeu/2R,PH,VR,FL,2,R
30135,ZU,NA,NA,NA,NA,NA
30136,ANum+LVdyh/2,AN,LV,NO,2,NO
30137,LVhuudyh+CMdy+RGdy/2,LV,CM,RG,2,NO
30138,VRmzcr+VRmzpe/3,VR,LP,NO,3,NO
30139,H2O,NA,NA,NA,NA,NO
30140,VRmzcr+VRmzpe/3,VR,VR,NO,3,NO
30141,ZU,AN,AN,NO,1,NO
30142,ZU,LV,NA,NO,1,NO
30143,H2O,AN,AN,NA,3,NO
30144,ZU,LV,LV,NO,2,NO
30145,ZU,LV,LV,NO,3,NO
30146,LPeuli+PHha/2,LP,PH,NO,2,NO
30147,LVcr+VRmzcr/3,LV,VR,NO,3,NO
30148,ZU,PH,VR,VR,2,NO
30149,AChu+ANlv/2,AN,AN,VR,3,NO
30150,VRpe+CMca+RGca/3,VR,GL,NO,3,NO
30151,RGeu/1,RG,NO,NO,1,NO
30152,H2O,NA,NA,NO,3,NO
30153,ZU,VR,CM,NO,3,NO
30154,VRpe+LPrz+RGca/3,VR,LP,NO,3,NO
30155,H2O,VR,PH,NO,3,NO
30156,ANumlep+ANphhum+LVhuap/2,AN,AN,NO,2,NO
30157,ZU,VR,PH,NO,3,NO
30158,RGeu/1,RG,RG,NO,2,NO
30159,LVcrlen+CMcrdy/3R,LV,CM,LP,2,NO
30160,ZU,VR,PH,NO,2,NO
30161,ZU,VR,PH,NO,3,NO
30162,VReupe+PHha+RGeu/3R,VR,PH,RG,2,R
30163,LVskvr+CMcahu+LVccw/3R,LV,CM,LV,3,R
30164,LVdy+ACha/3,LV,AC,NO,2,NO
30165,LPeuli+LPrz/3,LP,LP,NO,3,NO
30166,ANhuu+ANdy+LVdy/2,AN,AN,LV,2,R
30167,ZU,CM,VR,NO,2,NO
30168,LVcr+LPrz+LPcali/3,LV,LP,NO,3,NO
30169,H2O,NA,NA,NA,NA,NO
30170,LVhustn+RGsknhu+LPeuhu/3,RG,RG,NO,2,NO
30171,LVhuudyh+CMdy+RGdy/2,LV,CM,RG,3,R
30172,H2O,LV,NA,NO,3,NO
30173,ZU,LV,NA,NO,3,NO
30174,ZU,NA,NA,NA,NA,NA
30175,VRpelep+PHha/3,VR,PH,NO,3,NO
30176,H2O,NA,NA,NA,3,NO
30177,ANumlep+ANphhum+LVhuap/2,AN,AN,NO,2,NO
30178,H2O,NA,NA,NA,NA,NA
30179,LPhum+VRmzpe+RGeulep/2R,LP,VR,RG,2,NO
30180,PHlvlen+RGeu+LPli/3r,PH,RG,LP,3,NO
30181,H2O,NA,NA,NA,NA,NA
30182,ANum+LVdyh/2,AN,LV,NO,2,NO
30183,ZU,PH,PH,NO,2,NO
30184,LVcrlen+CMcrdy/3R,LV,CM,LP,3,R
30185,VRmzcr+VRmzpe/3,LV,VR,NO,3,NO
30186,ANumlen+ANdy+ACum/2R,AN,AN,NO,2,NO
30187,LVskvr+CMcahu+LVccw/3R,AN,AN,LV,2,R
30188,VReupe+PHha+RGeu/3R,LP,PH,RG,2,NO
30189,RGeu/1,VR,NO,NO,3,NO
30190,H2O,NA,NA,NA,NA,NO
30191,ZU,NA,NA,NA,NA,NA
30192,H2O,VR,NO,NO,3,NO
30193,H2O,NA,NA,NA,NA,NA
30194,ZU,AN,AN,NA,2,NO
30195,LVcr+CMcr+LPrz/3R,LV,CM,LP,3,R
30196,ZU,NA,NA,NA,NA,NA
30197,LVskvr+CMcahu+LVccw/3R,AN,AN,LV,2,R
30198,CMcr+RGeulen+LPli/2,RG,RG,LP,2,NO
30199,ZU,LV,NO,NO,2,NO
30200,LPeuli+PHha/2,LP,VR,FL,2,R
30201,LVcr+LPrz+LPcali/3,LV,CM,NO,3,NO
30202,LVhustn+RGsknhu+LPeuhu/3,PH,RG,LP,3,NO
30203,RGskpca+PHca+CMca/2R,LP,PH,NO,2,NO
30204,ZU,NA,NA,NA,2,NO
30205,VRpehu+PHhulv+LPcahu/3,VR,PH,NO,3,NO
30206,H2O,NA,NA,NA,NA,NA
30207,ZU,NA,NA,NA,3,NO
30208,H2O,NA,NA,NA,NA,NO
30209,AChu+ANlv+LPhuli/2,AC,AN,RG,2,NO
30210,ZU,LV,LV,NO,3,NO
30211,ZU,PH,NO,NO,2,NO
30212,ZU,LV,CM,NO,2,NO
31001,H2O,NA,NA,NA,NA,NA
31002,LPhurz+LPhuli+PHcalep/2,LP,LP,PH,2,NO
31003,LVro+LPeuhu+LVrolen/3,LP,LP,LP,3,NO
31004,LPhuli/2,LP,NO,NO,2,NO
31005,LPhurz+LPhuli+PHcalep/2,LP,LP,PH,2,NO
31006,H2O,NA,NA,NA,NA,NA
31007,LPhurz+PHcalep+LPhuli/2,LP,LP,PH,2,NO
31008,ZU,LP,LP,LV,3,NO
31009,LPhuli+LPhurz/2,LP,LP,NO,2,NO
31010,LPhurz+PHlep+CMcrlep/2,LP,CM,LP,2,NO
31011,H2O,NA,NA,NA,NA,NO
31012,LPhurz+LPhuli+PHhulep/2,PH,LP,LP,2,NO
31013,LPhurz+PHcalep+LPhuli/2,LP,PH,NO,2,NO
31014,LVhulen+PHsknca+LPhurz/3,LP,LP,LP,2,NO
31015,H2O,NA,NA,NA,NA,NA
31016,CMro+CMcr+LPhurz/2,CM,CM,LP,3,NO
31017,ZU,LP,NA,LP,2,NO
31018,LPhurz+LPhuli+PHlep/2,NA,NA,NA,NA,NO
31019,ZU,LP,LP,NA,2,NO
31020,LPhurz+PHcalep+LPhuli/2,LP,PH,LP,2,NO
31021,H2O,NA,NA,NA,NA,NA
31022,ZU,LP,LV,LP,2,NO
31023,H2O,NA,NA,NA,NA,NA
31024,LPhurz+PHlep+RGlep/2,LP,PH,RG,2,NO
31025,LPhurz+LPhuli+PHlep/2,CM,LP,LP,2,NO
31026,H2O,LP,NA,NO,2,NO
31027,ZU,LP,GL,LP,2,NO
31028,H2O,NA,NA,NA,NA,NA
31029,H2O,NA,NA,NA,NA,NA
31030,ZU,PH,PH,NA,2,NO
31031,H2O,NA,NA,NA,NA,NA
31032,ZU,PH,LP,LP,3,NO
31033,LPsowli+RGhulep/2,LP,RG,NO,2,NO
31034,LPhurz+LPhuli+PHcalep/2,LP,LP,LP,2,NO
31035,LPhurz+LPhuli+PHcalep/2,PH,LP,PH,2,NO
31036,H2O,NA,NA,NA,NA,NA
31037,H2O,NA,NA,NA,NA,NA
31038,ZU,SC,SC,NO,2,NO
31039,H2O,LP,NA,NO,2,NO
31040,ZU,LP,PH,NO,2,NO
31041,LPhurz+LPhuli/2,LP,LP,NO,2,NO
31042,ZU,LP,PH,NO,2,NO
31043,LPhurz+LPhuli+LPeu/2,LP,LP,LP,2,NO
31044,ZU,LP,LP,NO,2,NO
31045,H2O,NA,NA,NA,NA,NA
31046,LPhurz+PHlep+RGlep/2,LP,LP,LP,2,NO
31047,CMcrlep+LPhurz+LPhuli/2,CM,LP,LP,3,NO
31048,LPhuli+LPhurz/2,LP,LP,NO,2,NO
31049,LPhurz+PHlep+CMcrlep/2,LP,PH,CM,2,NO
31050,ZU,NA,NA,NA,NA,NA
31051,LPhurz+PHcalep+LPhuli/2,LP,PH,LP,2,NO
31052,ZU,LP,NA,NO,2,NO
31053,LPhurz+LVrolen/2,LP,LV,LP,2,NO
31054,LPhurz+PHcalep+LPhuli/2,LP,PH,LP,2,NO
31055,H2O,NA,NA,NA,2,NO
31056,LPhurz+LPhuli/2,LP,LP,NO,2,NO
31057,H2O,NA,NA,NA,NA,NA
31058,ZU,LP,LP,LP,3,NO
31059,ARRECIFE,NA,NA,NA,NA,NA
31060,PHcalep+CMhulep+LPhurz/3,PH,LP,NO,3,NO
31061,H2O,NA,NA,NA,NA,NA
31062,H2O,NA,NA,NA,NA,NA
31063,ZU,LP,LP,NA,2,NO
31064,LPhurz+LPhuli+PHcalep/2,LP,LP,PH,2,NO
31065,SChuso+SCgl/3,SC,SC,NO,2,NO
31066,LPhurz+LVcrlen/2,LP,LV,NO,2,NO
31067,LPhurz+PHcalep+LPhuli/2,LP,PH,LP,2,NO
31068,ZU,LP,NA,NO,2,NO
31069,ZU,LP,PH,CM,2,NO
31070,H2O,NA,LP,LP,NA,NO
31071,LPhurz+LPhuli+PHcalep/2,LP,PH,NO,2,NO
31072,LPhurz+PHcalep+LPhuli/2,LP,PH,LP,2,NO
31073,CMro+CMcr+LPhurz/2,CM,CM,LP,2,NO
31074,LPhurz+LPhuli+PHcalep/2,LP,LP,PH,2,NO
31075,LPhuli+LPhurz/2,CM,LP,LP,2,NO
31076,H2O,NA,NA,NA,NA,NA
31077,LPhurz+PHhulep+LPhuli/2,LP,PH,NA,2,NO
31078,LPhurz+LPhuli+PHcalep/2,LP,LP,PH,2,NO
31079,VRmzsow+GLvr/3,VR,LP,NO,3,NO
31080,H2O,NA,NA,NA,NA,NA
31081,LPhurz+LPhuli+LPeu/2,LP,LP,LP,2,NO
31082,LPhuli+LPhurz/2,LP,LP,NO,2,NO
31083,H2O,NA,NA,NO,2,NO
31084,ZU,LP,NA,NA,2,NO
31085,ZU,LP,LP,LV,3,NO
31086,LPhurz+LPhuli+PHcalep/2,LP,LP,PH,2,NO
31087,LPhurz+LPhuli/2,LP,LP,NO,2,NO
31088,LPhurz+LPhuli+PHcalep/2,LP,LP,PH,2,NO
31089,ZU,LP,LV,NO,2,NO
31090,LPhurz+LPhuli+PHlep/2,LP,LP,PH,2,NO
31091,ZU,NA,NA,NA,NA,NO
31092,H2O,LP,NA,NA,NA,NO
31093,ZU,LP,PH,PH,2,NO
31094,CMcrlen+CMcr+LPhurz/3,LV,LP,LP,3,NO
31095,LPhurz+PHcalep+LPhuli/2,LP,PH,NO,2,NO
31096,ZU,NA,LP,NA,2,NO
31097,LPhurz+PHhulep+LPhuli/2,LP,PH,NO,2,NO
31098,LVcr+LPhurz/3,LV,LP,NO,3,NO
31099,LVhulen+PHsknca+LPhurz/3,LP,LP,LP,2,NO
31100,SCso+LPcasoh/3,LP,LP,NO,2,NO
31101,ZU,NA,NA,NA,NA,NO
31102,ZU,NA,NA,NA,NA,NA
31103,LPhurz+LPhuli+PHcalep/2,LP,PH,LP,2,NO
31104,ZU,LP,CM,LP,2,NO
31105,LPhurz+PHcalep+LPhuli/2,LP,PH,LP,2,NO
31106,ZU,NA,NA,NA,2,NO
32001,H2O,PH,RG,NO,2,NO
32002,PHlep+LPeuli+LVsolep/2,PH,LP,NO,2,NO
32003,PHlep/2,LV,LV,NO,2,NO
32004,LPeuli+PHlep/2,LV,NO,NO,2,NO
32005,H2O,NA,NA,NO,2,NO
32006,H2O,NA,NA,NO,2,NO
32007,PHcapcp+CLptp/2R,LP,NO,NO,2,R
32008,KSlep+LPeuli/2,PH,LP,NO,2,NO
32009,ZU,PH,LP,NO,2,r
32010,H2O,NA,NA,NO,2,NO
32011,PHlep+RGeulep+LPeuli/2,PH,RG,NO,2,NO
32012,CMhulep+LPmo+LPeuli/2,PH,LP,NO,2,NO
32013,ZU,PH,NA,NO,2,NO
32014,PHcapcp/2R,LP,LP,NO,2,R
32015,LPeuli+RGeulep/2,LP,LP,NO,2,NO
32016,ZU,NA,NO,NO,2,NO
32017,ZU,NA,NO,NO,2,NO
32018,CLskp+RGskpca+KSccskp/2R,RG,RG,NO,2,NO
32019,H2O,RG,RG,NO,2,NO
32020,H2O,PH,NO,NO,2,NO
32021,LPmo+LPli/2R,LP,LP,NO,2,NO
32022,PHcapcp/2R,PH,NO,NO,2,R
32023,ZU,PH,PH,NO,2,NO
32024,ZU,NA,NA,NA,2,NO
32025,H2O,NA,NA,NO,2,NO
32026,H2O,LP,NO,NO,2,R
32027,PHcapcp+CLptp/2R,CL,LP,NO,2,R
32028,LPeuli/2,LV,NO,NO,2,NO
32029,ZU,PH,NO,NO,2,R
32030,H2O,PH,LV,NO,2,NO
32031,LPdyli/2,LP,LP,NO,2,NO
32032,ZU,LP,CL,NO,2,NO
32033,PHlep+LPeuli/3,PH,PH,NO,2,NO
32034,PHabptp/2,PH,LV,NO,2,NO
32035,ZU,LP,LP,NO,2,NO
32036,ZU,NA,NO,NO,2,NO
32037,ZU,KS,CL,NO,2,NO
32038,H2O,NA,NA,NO,2,NA
32039,H2O,NA,NA,NO,2,NO
32040,H2O,LP,LP,NO,2,NO
32041,PHcapcp+CLptp/2R,CL,NO,NO,2,R
32042,H2O,LP,NA,NO,2,NO
32043,CMsklen+LPeuli/2R,LV,LP,NO,2,NO
32044,KScclen+PHcalen/2,KS,PH,NO,2,NO
32045,PHlep/2,VR,PH,NO,2,NO
32046,LPeuli/2,LP,NO,NO,2,NO
32047,LPeu+PHlep+LPeuli/2,LV,LP,NO,2,NO
32048,VRmzlen/3,VR,LV,NO,2,NO
32049,H2O,LP,LP,NO,2,NO
32050,ZU,NA,NO,NO,2,NO
32051,H2O,NA,NA,NO,2,NO
32052,H2O,DU,NA,NO,2,NO
32053,H2O,NA,NA,NO,2,NO
32054,H2O,LP,LP,NO,2,NO
32055,H2O,LP,LP,NO,2,NO
32056,ZU,NA,NA,NA,2,NO
32057,LPeuli/2,LP,NO,NO,2,NO
32058,LPeu+PHlep+LPeuli/2,LV,PH,NO,2,NO
